SITE NAME,GLOBAL ID,SITE_TYPE,STATUS,ADDRESS,CITY,LATITUDE,LONGITUDE
1 50 MOST CLEANERS,CAD983612367, RCRA,CLOSED,2308 E COLORADO BLVD,PASADENA,34.145883,-118.10285
1X FAIRVIEW STATE HOSPITAL,CAX000225151, RCRA,CLOSED,2501 HARBOR BLVD,COSTA MESA,33.663336,-117.92238
1X GARFIELD MEDICAL CENTER,CAC000161229, RCRA,CLOSED,525 NORTH GARFIELD AVE.,MONTEREY PARK,34.067894,-118.1238
1X STATE OF CALIF DEPT OF CORRECTIONS,CAX000146027, RCRA,CLOSED,14901 CENTRAL AVE,CHINO,33.982081,-117.68247
3M LOS ANGELES DYNACOLOR,CAT000617621, RCRA,PROTECTIVE FILER,11915 W OLYMPIC BLVD,LOS ANGELES,34.032732,-118.45293
3M OPTICS TECH CENTER,CAT080033368, RCRA,CLOSED,1331 COMMERCE ST,PETALUMA,38.255707,-122.64089
A & A FEROS NON FEROS METAL,CAL000098454, STANDARDIZED,OPERATING PERMIT,640 S HILL ST #743,LOS ANGELES,34.046356,-118.25356
A C BALL COMPANY,CAD009225434,,PROTECTIVE FILER,141 CASPIAN COURT,SUNNYVALE,37.414732,-122.01803
A&S METAL RECYCLING INC,CAD981402407, RCRA,CLOSED,1960 MATEO STREET,LOS ANGELES,34.022092,-118.2321
A2Z PLATING,CAD980814412, LOWER TIER,CLOSED,1467 S SUNOL DR,LOS ANGELES,34.012845,-118.17913
AAD DISTRIBUTION & DRY CLEANING INC,CAD981397417, RCRA,UNDERGOING CLOSURE,2306 E 38TH ST,VERNON,34.00779,-118.23244
ABE OIL INC,CAT080013360, RCRA,CLOSED,8130 ENTERPRISE DR,NEWARK,37.521259,-122.04401
ACCUPATH DIAGNOSTIC LABORATORIES INC.,CAD096882147,,CLOSED,2601 CAMPUS DR,IRVINE,33.668223,-117.85609
ACCURIDE INTERNATIONAL INC,CAD009693441, RCRA,PROTECTIVE FILER,12311 SHOEMAKER AVE,SANTA FE SPRINGS,33.920105,-118.0565
ACME FILL CORPORATION,CAD041835695, RCRA,POST CLOSURE PERMIT,950 WATERBIRD WAY,MARTINEZ,38.023179,-122.08539
ACME PACKAGING,CAD041838855,,PROTECTIVE FILER,761 PORT CHICAGO HIGHWAY,BAY POINT,38.03531,-121.95847
ACRIAN INCORPORATED,CAD092205889, RCRA,CLOSED,10131 BUBB ROAD,CUPERTINO,37.320781,-122.05139
ADMIRAL CIRCUITS,CAD041660499, LOWER TIER,CLOSED,850 BRANSTEN RD,SAN CARLOS,37.50814,-122.25154
ADVANCED ENVIRONMENTAL INC DBA WORLD OIL ENVIRONMENTAL SERVICES,CAT080025711, STANDARDIZED,OPERATING PERMIT,13579 WHITTRAM AVE,FONTANA,34.094057,-117.50798
ADVANCED ION EXCHANGE TECHNOLOGIES AIET,CAR000186700, RCRA,CLOSED,1701 FORTUNE DR UNIT K,SAN JOSE,37.401263,-121.89731
ADVANCED MICRO DEVICES INC,CAD048634059,,PROTECTIVE FILER,901 THOMPSON PL,SUNNYVALE,37.382405,-122.00905
ADVANCED REMEDIATION TECH INC,CAD983582107, RCRA,CLOSED,8485 PRODUCTION AVE,SAN DIEGO,32.880709,-117.16489
ADVANCED TECHNOLOGY INCINERATION,CAD982465841,,PROTECTIVE FILER,5756 ALBA STREET #A,LOS ANGELES,33.989506,-118.23882
AERC AQUISITION CORP DBA AERC REYCLING SOLUTIONS A CLEAN EARTH CO,CAR000170092, STANDARDIZED,NON-OPERATING,1475 CROCKER AVE,HAYWARD,37.616926,-122.05661
AERC RECYCLING SOLUTIONS,CAD982411993, STANDARDIZED,OPERATING PERMIT,30677 HUNTWOOD AVE,HAYWARD,37.618062,-122.05535
AEROJET ORDNANCE CHINO FACILITY,CAD981457302,,CLOSED,END OF WOODVIEW RD,CHINO,33.944107,-117.74438
AEROJET ROCKETDYNE INC,CAD000030494, RCRA,POST CLOSURE PERMIT,US HWY 50 & AEROJET RD,RANCHO CORDOVA,38.615554,-121.20322
"AEROJET ROCKETDYNE, INC.",CAD079622569, RCRA,CLOSED,1100 W HOLLYVALE ST,AZUSA,34.12723,-117.92653
AFBCA/NORTON,CA4570024345," RCRA, RCRA INTERIM STATUS PERMIT",UNDERGOING CLOSURE,305 S TIPPECANOE AVE,SAN BERNARDINO,34.09768,-117.2421
AFFYMAX INC,CAD009124256,,PROTECTIVE FILER,4001 MIRANDA AVE,PALO ALTO,37.401119,-122.13671
AFRPA/MCCLELLAN-WREC,CA4570024337, RCRA,UNDERGOING CLOSURE,3411 OLSON ST,MCCLELLAN,38.661831,-121.38435
AGILENT TECHNOLOGIES CALIFORNIA AVE SITE,CAD076314640, RCRA,CLOSED,1601 CALIFORNIA AVE,PALO ALTO,37.416033,-122.152
AGILENT TECHNOLOGIES INC,CAD009448382, RCRA,CLOSED,2700 MITCHELL DR,WALNUT CREEK,37.929457,-122.02493
AGRITEC INT DBA CLEANTECH ENVIRONMENTAL INC,CAL000330453, STATE ONLY,OPERATING PERMIT,5820 MARTIN RD,IRWINDALE,34.120505,-117.93852
AIR FORCE REAL PROPERTY AGENCY,CA8570024143, RCRA,CLOSED,323 CES/DEEV,MATHER,38.55259,-121.2806
AIR FORCE REAL PROPERTY AGENCY/CASTLE,CA3570024551, RCRA,CLOSED,3670 THUNDERBIRD AVE,ATWATER,37.36736,-120.5636
AIR PRODUCTS AND CHEMICALS INC,CAD001728740, RCRA,PROTECTIVE FILER,465 N WHISMAN RD,MOUNTAIN VIEW,37.401269,-122.05719
AKWAKLAME,CAD020530226, STANDARDIZED,CLOSED,270 VIA DEL NORTE,OCEANSIDE,33.211947,-117.35171
ALCAN INGOT & POWDERS,CAD027909886,,PROTECTIVE FILER,1069 SECOND STREET,BERKELEY,37.881008,-122.30592
ALCO PACIFIC INC,CAD008387250, RCRA,UNDERGOING CLOSURE,16914 S BROADWAY,GARDENA,33.885611,-118.27839
ALL VALLEY ENVIRONMENTAL INC,CAL000160729, STANDARDIZED,CLOSED,523 N BRAWLEY AVE,FRESNO,36.744805,-119.86311
ALLIED SIGNAL INC AND PUREX INDUSTRIES,CAD009154469, RCRA,CLOSED,710 73RD AVE,OAKLAND,37.752185,-122.19715
ALLIED WASTE SYSTEMS INC,CAD076242064,,PROTECTIVE FILER,3960 E WASHINGTON BLVD,LOS ANGELES,34.010441,-118.1923
ALLISON X-RAY COMPANY,CAD982512386, STANDARDIZED,CLOSED,950 S MELROSE DR,VISTA,33.179052,-117.25295
ALLOY DIE CASTING CO,CAD981412711, LOWER TIER,CLOSED,6550 CABALLERO BLVD,BUENA PARK,33.865274,-118.01948
"ALLWASTE SERVICES, INC.",CAT080029952, RCRA,CLOSED,925 W ESTHER ST,LONG BEACH,33.789196,-118.20359
ALMADEN VINEYARDS INC PAICINES RANCH,CAD053995692, RCRA,CLOSED,223 PANOCHE ROAD,PAICINES,36.728613,-121.27691
ALTAMONT LANDFILL & RESOURCE RECOVERY FACILITY,CAD981382732, RCRA,CLOSED,10840 ALTAMONT PASS RD,LIVERMORE,37.749238,-121.64977
ALUMTREAT INC,CAD009561911, RCRA,CLOSED,2905 WINOMA AVENUE,BURBANK,34.199658,-118.34261
ALUMTREAT INC,CAD066229485, RCRA,CLOSED,1455 MONTEREY PASS ROAD,MONTEREY PARK,34.044955,-118.16231
ALUMTREAT INC,CAD983566902, RCRA,CLOSED,2905 WINONA AVE,BURBANK,34.199658,-118.34261
ALVISO INDEPENDENT OIL CO,CAD980695340, RCRA,CLOSED,1110 TAYLOR ST,ALVISO,37.426065,-121.97594
AMERICA DIVERSIFIERS SILVER INC,CAD982524613, RCRA,CLOSED,1004 E ORANGEFAIR LN,ANAHEIM,33.855562,-117.90872
AMERICAN CAN COMPANY,CAD001883115,,PROTECTIVE FILER,600 NORTH MT VERNON AVENUE,LINDSAY,36.206787,-119.09624
AMERICAN CAN COMPANY,CAD990768871, RCRA,CLOSED,1598 SOUTH FIRST ST,SAN JOSE,37.316482,-121.87388
AMERICAN CYANAMID CO,CAT080010929,,CLOSED,21444 GOLDEN TRIANGLE RD,SAUGUS,34.415669,-118.51176
AMERICAN DIVERSIFIED SILVER,CAD981449689, RCRA,CLOSED,1004 E ORANGEFAIR LN,ANAHEIM,33.855562,-117.90872
AMERICAN ENVIRONMENTAL CORP,CAD067825364, RCRA,CLOSED,11855 WHITE ROCK RD,RANCHO CORDOVA,38.593041,-121.23709
AMERICAN ENVIRONMENTAL LLC,CAD089446710, RCRA,CLOSED,3033 W MISSION RD,ALHAMBRA,34.079156,-118.15715
AMERICAN ETCHING AND MANUFACTURING,CAD064573405, LOWER TIER,CLOSED,13730 DESMOND ST,PACOIMA,34.273608,-118.43133
AMERICAN FLEX CIRCUIT OF L.A.,CAD000819649,,PROTECTIVE FILER,17091 DAIMLER,IRVINE,33.7025,-117.854
AMERICAN LABS & RECOVERY INC,CAL000099147,,NON-OPERATING,1116 E 58TH ST,LOS ANGELES,33.990233,-118.25605
AMERICAN LABS INC,CAD981459175,,UNDERGOING CLOSURE,5701 S COMPTON,LOS ANGELES,33.990864,-118.24809
AMERICAN MICRO SYSTEMS INCORPORATED,CAD046491577, LOWER TIER,CLOSED,3800 HOMESTEAD ROAD,SANTA CLARA,37.336441,-122.00103
AMERICAN NATIONAL CAN CO,CAD009162116, RCRA,CLOSED,3801 E 8TH ST,OAKLAND,37.769142,-122.22171
AMERICAN OIL COMPANY,CAD981427669, STANDARDIZED,UNDERGOING CLOSURE,13736 SATICOY ST,VAN NUYS,34.209536,-118.4325
AMF VOIT INC,CAD049901176, RCRA,CLOSED,426 W ALMOND,ORANGE,33.785179,-117.8571
AMF VOIT INC,CAD008369753,,CLOSED,3801 S HARBOR BLVD,SANTA ANA,33.696009,-117.91901
AMVAC CHEMICAL CORP,CAD056446388, RCRA,CLOSED,4100 E WASHINGTON BLVD,LOS ANGELES,34.009394,-118.18748
ANACOMP INC,CAD051612802, RCRA,CLOSED,305 SOQUEL WAY,SUNNYVALE,37.385634,-122.03472
ANDERSON LANDFILL INC,CAD981388952, LOWER TIER,CLOSED,18703 CAMBRIDGE RD,ANDERSON,40.412764,-122.35774
ANTIFREEZE ENVIRONMENTAL SVC CORP,CAD981694664, RCRA,CLOSED,2081 BAY RD,EAST PALO ALTO,37.475245,-122.1286
AOC LLC,CAD059270975, RCRA,CLOSED,19991 SEATON AVE,PERRIS,33.830995,-117.26273
APPLIED DIELECTRONICS INC,CAD982347130, RCRA,CLOSED,1750 ARMY ST,SAN FRANCISCO,37.750858,-122.3941
APPLIED MATERIALS INC,CAD069130995, RCRA,CLOSED,974 E ARQUES AVE,SUNNYVALE,37.379384,-122.0051
APPROPRIATE TECHNOLOGIES II INC,CAT080010101, RCRA,CLOSED,1700 MAXWELL RD,CHULA VISTA,32.600648,-117.01523
AQUILEX HYDROCHEM LLC,CAT080010580,,PROTECTIVE FILER,901 LOVERIDGE RD,PITTSBURG,38.023149,-121.85534
ARDAGH GLASS INC,CAD051707818, RCRA,CLOSED,24441 AVENUE 12,MADERA,36.926645,-120.10529
ARENS ENVIRONMENTAL SERVICES INC,CAR000162701, RCRA,CLOSED,106 W CHANNEL RD,BENICIA,38.079219,-122.13863
ARMITAGE JOHN L & CO,CAD009105727,,PROTECTIVE FILER,1800 7TH-MARKET,RICHMOND,37.958964,-122.36183
ARMOLOY OF SOUTHERN CALIFORNIA INC,CAD071894224, RCRA,UNDERGOING CLOSURE,3325 UNION PACIFIC AVE,LOS ANGELES,34.01657,-118.20826
ARTESIAN OIL RECOVERY INC,CAL000161741, STANDARDIZED,CLOSED,2306 MAGNOLIA ST,OAKLAND,37.816876,-122.28448
ASBURY ENVIRONMENTAL SERVICES,CAL000827844, STANDARDIZED,OPERATING PERMIT,2549 SCOTT AVE,CHICO,39.713611,-121.81
ASBURY ENVIRONMENTAL SERVICES,CAL000169735, RCRA,CLOSED,800 TOWER RD,NAPA,38.211616,-122.26593
ASBURY ENVIRONMENTAL SERVICES - CERES DBA WORLD OIL ENVIRONMENTAL SERV,CAL000393680, STANDARDIZED,OPERATING PERMIT,1920 MORGAN RD STE AES,CERES,37.600733,-120.97445
ASBURY ENVIRONMENTAL SERVICES-CHICO II LLC,CAD980694103, STANDARDIZED,OPERATING PERMIT,1618 W 5TH ST,CHICO,39.719133,-121.85267
ASBURY ENVIRONMENTAL SERVICES-FORTUNA,CAL930256136, STANDARDIZED,OPERATING PERMIT,200 DINSMORE DR,FORTUNA,40.589397,-124.15685
ASH MOUNTAIN STORAGE FACILITY,CAD980584965, RCRA,CLOSED,SEQUOIA NATIONAL PARK AND,THREE RIVERS,36.467494,-118.85727
ASHLAND DISTRIBUTION COMPANY,CAD044061422, STANDARDIZED,CLOSED,10505 S PAINTER AVE,SANTA FE SPRINGS,33.939389,-118.05144
ASHLAND LLC,CAD091933895, RCRA,CLOSED,291 W ADAMS ST,COLTON,34.051099,-117.32911
ASHLAND SPECIALTY CHEMICAL CO,CAD066562521, RCRA,CLOSED,8600 ENTERPRISE AVE,NEWARK,37.521446,-122.05245
ATC PLASTICS LLC,CAD050344910,,CLOSED,7227 W DOE AVE,VISALIA,36.345261,-119.37157
ATG INC,CAL000126886, STANDARDIZED,CLOSED,47375-B FREMONT BLVD,FREMONT,37.47634,-121.94528
AUTEK SYSTEMS CORPORATION,CAT000623835, RCRA,PROTECTIVE FILER,109 BONAVENTURA DR,SAN JOSE,37.390729,-121.92697
AVILA OIL RECOVERY,CAD981428386, STANDARDIZED,CLOSED,25530 RD 204,EXETER,36.251975,-119.11731
AVORP COMPOSITE FABRICATION INC,CAD000631747, RCRA,PROTECTIVE FILER,1600 W 135TH ST,GARDENA,33.908751,-118.30453
AZUSA LAND RECLAMATION CO INC,CAD009007626, RCRA,CLOSED,1211 W GLADSTONE ST,AZUSA,34.117738,-117.9265
BAE SYSTEMS IESI,CAD046589305, RCRA,CLOSED,1370 W SAN MARCOS BLVD,SAN MARCOS,33.132313,-117.20045
BAKERSFIELD RENEWABLE FUELS LLC,CAD099457087, RCRA,CLOSED,6451 ROSEDALE HWY,BAKERSFIELD,35.380899,-119.07242
BAKERSFIELD TRANSFER INC,CAL000282598, STATE ONLY,OPERATING PERMIT,1620 E BRUNDAGE LN,BAKERSFIELD,35.356104,-118.98473
BASF CORPORATION,CAD044331999,,PROTECTIVE FILER,1231 S LINCOLN ST,COLTON,34.05011,-117.32917
"BAY HARBOR HOSPITAL, INC",CAD981391535, RCRA,CLOSED,1437 W LOMITA BLVD,HARBOR CITY,33.79787,-118.30165
BAY PHOTO INC MAIN LAB,CAD982440273, STANDARDIZED,CLOSED,2853 PARK AVE,SOQUEL,36.986987,-121.93696
BAY ROAD HOLDINGS,CAD009452657, VARIANCE,UNDERGOING CLOSURE,2081 BAY RD,EAST PALO ALTO,37.475811,-122.12921
BAYDAY CHEMICAL,CAT080012263, RCRA,CLOSED,2096-B WALSH AVE,SANTA CLARA,37.369235,-121.96187
BAYSIDE OIL II INC,CAD088838222, STANDARDIZED,OPERATING PERMIT,210 ENCINAL ST,SANTA CRUZ,36.987091,-122.03278
BEALE AFB,CA7570024508, RCRA,CLOSED,6425 B ST,BEALE AFB,39.127457,-121.38377
BEAZER EAST INC,CAD009112087, RCRA,UNDERGOING CLOSURE,5666 BAGGETT MARYSVILLE RD,OROVILLE,39.471259,-121.56314
BECKMAN COULTER INC,CAD008254708, RCRA,CLOSED,4300 HARBOR BLVD,FULLERTON,33.922818,-117.93221
BECKMAN COULTER INC,CAD048645444, LOWER TIER,CLOSED,167 W POPLAR AVE,PORTERVILLE,36.050727,-119.02155
BENSON RIDGE FACILITY,CAD000633289, RCRA,POST CLOSURE ORDER PERMIT,7260 SO HWY 29,KELSEYVILLE,38.951949,-122.80182
BEST ENVIRONMENTAL LLC,CAD981426539, STANDARDIZED,UNDERGOING CLOSURE,3301 AVENUE I EAST,LANCASTER,34.705151,-118.07062
BETZ DEARBORN INC,CAD002604866, RCRA,CLOSED,3154 E HARCOURT ST,COMPTON,33.866869,-118.20584
BIG BLUE HILLS PESTICIDE CONT DISPOSAL,CAT080010606, RCRA,POST CLOSURE PERMIT,10 MILES NORTH OF COALINGA,COALINGA,36.309718,-120.3214
BIO-LAB INC,CAD008302895, RCRA,CLOSED,5160 E AIRPORT DR,ONTARIO,34.06149,-117.53927
BKK SANITARY LANDFILL,CAD067786749, RCRA,POST CLOSURE ORDER PERMIT,2210 S AZUSA AVE,WEST COVINA,34.036587,-117.90253
BOB RENSEN M/S 7200,CAD076306836,,CLOSED,100 FERGUSON DR,MOUNTAIN VIEW,37.388139,-122.05755
BOER GRAPHICS (ROBERT GRAPHIC ARTS),CAD008246746, RCRA,PROTECTIVE FILER,9323 RUSH ST,S EL MONTE,34.052334,-118.06632
BOURNS INC,CAD008255754, RCRA,CLOSED,1200 COLUMBIA AVE,RIVERSIDE,34.000379,-117.33695
BOURNS INSTRUMENTS INC,CAD096883434, RCRA,CLOSED,6135 MAGNOLIA AVE,RIVERSIDE,33.958867,-117.39292
BRENNTAG PACIFIC INC,CAD009419607, RCRA,CLOSED,860 WHARF ST,RICHMOND,37.919934,-122.37254
BROADWELL BASIN RESIDUAL REPOSIT,CAD982434706, RCRA,CLOSED,8 MI N OF LUDLOW ON CRUCERO RD,LUDLOW,34.916309,-116.3481
BROCO INC,CAD072945041, RCRA,CLOSED,2040 N TOWNE AVE,POMONA,34.079292,-117.74068
BROWN & BRYANT - ARVIN,CAD052384021, RCRA,UNDERGOING CLOSURE,600 SOUTH DERBY,ARVIN,35.203146,-118.8231
BROWN AND BRYANT INC,CAD009531823, RCRA,UNDERGOING CLOSURE,135 COMMERCIAL DR,SHAFTER,35.497816,-119.26593
BROWNING FERRIS IND,CAR000010819, RCRA,CLOSED,11875 WHITE ROCK RD,RANCHO CORDOVA,38.593084,-121.23555
BUCKNER BY STORM,CAD981377138, RCRA,CLOSED,4381 N BRAWLEY AVE,FRESNO,36.800487,-119.86369
BUILDING MATERIALS MANUFACTURING CORP,CAD021789284, RCRA,CLOSED,11800 INDUSTRY AVE,FONTANA,34.036439,-117.5226
BURBANK TRANSIT CENTER SOUTHERN PACIFIC,CAD075275180, RCRA,CLOSED,201 N FRONT ST,BURBANK,34.178633,-118.31215
BURROUGHS CORP,CAD047784871, RCRA,CLOSED,5600 AVENIDA ENCINAS,CARLSBAD,33.126682,-117.3265
C & M PLATING WORKS,CAD009204736, RCRA,CLOSED,598 6TH ST,SAN FRANCISCO,37.774852,-122.40107
C T S ELECTRONICS CORP,CAT080010705, RCRA,CLOSED,500 LINNE RD,PASO ROBLES,35.612518,-120.64874
C-BRITE METAL FINISHING INC,CAD045520996,,PROTECTIVE FILER,1213 W 253RD ST,HARBOR CITY,33.794924,-118.29805
CAL PAC CHEMICAL CO INC,CAD008379265, RCRA,CLOSED,6231 MAYWOOD AVE,HUNTINGTON PARK,33.981753,-118.20352
CAL STATE UNIV - CHANNEL ISLANDS,CAD982040800, RCRA,UNDERGOING CLOSURE,ONE UNIVERSITY DRIVE,CAMARILLO,34.162055,-119.04346
CALIF RADIOGRAPHICS INC,CAD982482390, STANDARDIZED,CLOSED,375 CORAL ST,SANTA CRUZ,36.981498,-122.03353
CALIFORNIA CHEMICAL,CAD009230244, RCRA,UNDERGOING CLOSURE,1363 S BONNIE BEACH PL,COMMERCE,34.012526,-118.18171
CALIFORNIA CORRECTIONAL CENTER,CAX000226555, RCRA,CLOSED,711-045 CENTER RD,SUSANVILLE,40.397402,-120.51174
CALIFORNIA ENVIRONMENTAL SERVICES,CAD980887475, RCRA,CLOSED,3691 BANDINI BLVD,VERNON,34.007403,-118.20038
CALIFORNIA OIL RECYCLERS INC,CAD980695761, RCRA,CLOSED,977A BRANSTEN RD,SAN CARLOS,37.506366,-122.25342
CALIFORNIA OIL TRANSFER LLC,CAL000190816, STANDARDIZED,OPERATING PERMIT,5300 CLAUS RD,RIVERBANK,37.714781,-120.91731
CALIFORNIA RADIOGRAPHICS INC,CAL000115947, STANDARDIZED,CLOSED,3335 SOQUEL DR,SOQUEL,36.988295,-121.96886
CALIFORNIA RESOURCES ELK HILLS LLC,CA4170024414, STATE ONLY,POST CLOSURE PERMIT,28590 HIGHWAY 119,TUPMAN,35.281959,-119.48479
CALIFORNIA STATE (DEPT OF MENTAL SERVS),CAX000089607, RCRA,CLOSED,CAMARILLO STATE HOSPITAL,CAMARILLO,34.159367,-119.04351
CALIFORNIA STATE UNIVERSITY SACRAMENTO,CAT080031115, STATE ONLY,CLOSED,6000 J ST,SACRAMENTO,38.565714,-121.42549
CALIFORNIA STEEL INDUSTRIES INC,CAD118352921, VARIANCE,CLOSED,14000 SAN BERNARDINO AVE,FONTANA,34.076059,-117.50804
CALIFORNIA THERMAL TREATMENT,CAD982005670, RCRA,CLOSED,3691 BANDINI BLVD,VERNON,34.007549,-118.19856
CALIFORNIA WESTERN RAILROAD,CAD066125758, RCRA,CLOSED,FOOT OF LAUREL ST,FORT BRAGG,39.4455,-123.807
CALPROTECH INC,CAD094133139,,PROTECTIVE FILER,1166 N GROVE ST,ANAHEIM,33.856839,-117.842
CALTRANS HEADQUARTERS,CAD981685563, VARIANCE,CLOSED,1120 N ST,SACRAMENTO,38.574752,-121.49366
CAMPBELL SOUP SUPPLY CO,CAD009198367, RCRA,CLOSED,43RD AVE & FRANKLIN BLVD,SACRAMENTO,38.513869,-121.46832
CANDESCENT TECHNOLOGIES CORP,CAD076314459, RCRA,CLOSED,10460 BUBB RD,CUPERTINO,37.316323,-122.04938
CASMALIA RESOURCES,CAD020748125, RCRA,UNDERGOING CLOSURE,"SEC 14, T9N, R35W-ADMIN BLDG NTU RD",CASMALIA,34.8622,-120.54378
CASPIAN INC EL CENTRO,CAT080034010,,CLOSED,2440 LEIMGRUBER,EL CENTRO,32.825407,-115.6546
CASTROL NORTH AMERICA SPECIALTY,CAD097043111,,PROTECTIVE FILER,1925 N MARIANNA AVE,LOS ANGELES,34.065242,-118.17917
CDCR - CALIFORNIA CORRECTIONAL CENTER,CAD982324139, RCRA,CLOSED,711-045 CENTER RD,SUSANVILLE,40.397402,-120.51174
CDCR - CALIFORNIA INSTITUTION FOR MEN,CAD981653553, STANDARDIZED,CLOSED,14901 S CENTRAL AVE,CHINO,33.981158,-117.68598
CDCR - CALIFORNIA MEDICAL FACILITY,CAD980674402, LOWER TIER,CLOSED,1600 CALIFORNIA DR,VACAVILLE,38.333213,-121.97935
CDCR - CALIFORNIA REHABLITATION CENTER NORCO,CAD981696552, RCRA,CLOSED,5TH ST AND WESTERN,NORCO,33.930172,-117.57465
CDCR - CORRECTIONAL TRAINING FACILITY SOLEDAD,CAD077173920, RCRA,CLOSED,5 MI N OF SOLEDAD,SOLEDAD,36.470873,-121.38255
CDCR - SAN QUENTIN STATE PRISON,CAD070178173, RCRA,CLOSED,1 MAIN ST,SAN QUENTIN,37.942151,-122.47933
CDCR - SIERRA CONSERVATION CENTER,CAD981390115, RCRA,CLOSED,5100 O'BYRNES FERRY RD,JAMESTOWN,37.893542,-120.53817
CDCR - VENTURA YOUTH CORRECTIONAL FACILITY,CAD981453889, RCRA,UNDERGOING CLOSURE,3100 WRIGHT RD,CAMARILLO,34.243545,-119.10636
CEMEX CA CEMENT LLC,CAD980735294, RCRA,CLOSED,25220 BLACK MOUNTAIN QUARRY RD,APPLE VALLEY,34.615899,-117.16981
CENTRAL WIRE INC,CAD059277137, RCRA,POST CLOSURE PERMIT,2500 SOUTH A ST,PERRIS,33.751463,-117.23774
CERTAINTEED CORPORATION,CAD009156282, RCRA,CLOSED,2885 LAFAYETTE ST,SANTA CLARA,37.373666,-121.94964
CERTAINTEED CORPORATION,CAD990663320, VARIANCE,CLOSED,2100 AVALON STREET,RIVERSIDE,34.018974,-117.39466
CERTAINTEED LLC,CAD093435022, RCRA,CLOSED,17775 AVENUE 23-1/2,CHOWCHILLA,37.092875,-120.22563
CHALLENGE-COOK BROS INC,CAD008240459,,PROTECTIVE FILER,15421 EAST GALE AVE,INDUSTRY,34.015006,-117.97054
"CHATSWORTH PROCDUCTS, INC.",CAD008508475,,PROTECTIVE FILER,9541 MASON AVE,CHATSWORTH,34.244045,-118.58046
CHEMCLEAR OF LOS ANGELES INC,CAD981689524, RCRA,CLOSED,3165 E SLAUSON AVE,VERNON,33.989571,-118.21135
CHEMICAL WASTE MANAGEMENT,CAX000072348, RCRA,CLOSED,"S36,T19S,R14E, MDB&M",COALINGA,36.139678,-120.36014
CHEMICAL WASTE MANAGEMENT INC BAKERSFIELD,CAT000624056, RCRA,CLOSED,27001 ROUND MOUNTAIN RD,BAKERSFIELD,35.530039,-118.95366
CHEMICAL WASTE MANAGEMENT INC KETTLEMAN,CAT000646117, RCRA,OPERATING PERMIT,KETTLEMAN HILLS LDFL HIGHWAY 41,KETTLEMAN CITY,35.964873,-120.01489
"CHEMICAL WASTE MANAGEMENT, INC",CAT000646125, RCRA,CLOSED,SECTION 36 TOWNSHIP 19 RANGE 14E,COALINGA,36.231405,-120.40555
"CHEMICAL WASTE MGMT INC, TRANS DIV",CAD003986718, RCRA,CLOSED,32444 GALE AVE,COALINGA,36.17992,-120.38084
CHEMTRADE WEST US LLC,CAD009142290, RCRA,CLOSED,501 NICHOLS RD,BAY POINT,38.046341,-121.98827
CHEMTURA CORPORATION,CAD009137779, RCRA,UNDERGOING CLOSURE,850 MORTON AVE,RICHMOND,37.982406,-122.35498
CHEMWEST INDUSTRIES INC,CAD990663296,,CLOSED,26970 ASTI RD,CLOVERDALE,38.769496,-122.99538
CHEMWEST INDUSTRIES INC,CAD040520975, RCRA,UNDERGOING CLOSURE,13425 SAN BERNARDINO AVE,FONTANA,34.077097,-117.51799
CHEVRON CHEMICAL CO,CAD043237486, RCRA,OPERATING PERMIT,940 HENSLEY ST,RICHMOND,37.950517,-122.37645
CHEVRON EL SEGUNDO REFINERY,CAD008336901, RCRA,OPERATING PERMIT,324 W EL SEGUNDO BLVD,EL SEGUNDO,33.915804,-118.419
CHEVRON USA INC,CAD981454226, RCRA,CLOSED,COALINGA SEC 23D T20,COALINGA,36.24579,-120.26384
CHEVRON USA INC,CAT080011976, RCRA,CLOSED,"NW CORN S3,T32S/R23E MDB&M",TAFT,35.216778,-119.41087
CHEVRON USA INC,CAD981454283, RCRA,CLOSED,SEC 5K T11N R23E,BAKERSFIELD,35.060352,-119.35358
CHEVRON USA INC RICHMOND REFINERY,CAD009114919, RCRA,OPERATING PERMIT,841 CHEVRON WAY,RICHMOND,37.938348,-122.38429
CIBA-GEIGY CORP,CAD094718590,,PROTECTIVE FILER,18435 BANDILIER CIRCLE,FOUNTAIN VALLEY,33.69505,-117.94075
CIBA-GEIGY CORP COMPOSITE MATLS DEPT,CAD000089722,,PROTECTIVE FILER,10910 TALBERT AVE,FOUNTAIN VALLEY,33.701391,-117.93826
CIRCO INC,CAD009127739, RCRA,CLOSED,940 HAMLIN COURT,SUNNYVALE,37.400999,-122.02897
CIRTEC DIVISION OF INTERLINK CORP,CAD051481349, RCRA,CLOSED,8944 FULLBRIGHT,CHATSWORTH,34.233554,-118.57693
CITY OF EMERYVILLE REDEVELOPMENT AGENCY,CAD009206178,,PROTECTIVE FILER,4650 SHELLMOUND ST,EMERYVILLE,37.833407,-122.29314
CLEAN HARBORS BUTTONWILLOW LLC,CAD980675276, RCRA,OPERATING PERMIT,2500 WEST LOKERN RD,BUTTONWILLOW,35.40493,-119.61167
CLEAN HARBORS ENVIRONMENTAL SERVICES INC IRWINDALE,CAL000113451, STANDARDIZED,UNDERGOING CLOSURE,11617 AVENIDA PADILLA,IRWINDALE,34.128813,-117.9307
CLEAN HARBORS ENVIRONMENTAL SERVICES INC PORT OF REDWOOD CITY,CAD982439895, RCRA,OPERATING PERMIT,695 SEAPORT BLVD,REDWOOD CITY,37.508985,-122.20971
CLEAN HARBORS LOS ANGELES LLC,CAD050806850, RCRA,OPERATING PERMIT,5756 ALBA ST,LOS ANGELES,33.989785,-118.2388
CLEAN HARBORS SAN JOSE LLC,CAD059494310, RCRA,OPERATING PERMIT,1021 BERRYESSA RD,SAN JOSE,37.365496,-121.88442
"CLEAN HARBORS SAN JOSE, RAIL SPUR",CAL000191813, STANDARDIZED,CLOSED,660 LENFEST RD,SAN JOSE,37.364121,-121.86951
CLEAN HARBORS WESTMORLAND LLC,CAD000633164, RCRA,OPERATING PERMIT,5295 SOUTH GARVEY ROAD,WESTMORLAND,33.04092,-115.73506
CLEAN HARBORS WILMINGTON LLC,CAD044429835, RCRA,OPERATING PERMIT,1737 E DENNI ST,WILMINGTON,33.786318,-118.23987
CLEARWATER ENV MGMT DBA ALVISO INDEPENDENT OIL,CAL000161743, STANDARDIZED,UNDERGOING CLOSURE,5002 ARCHER ST,ALVISO,37.427823,-121.97219
CLEARWATER ENVIRONMENTAL MANAGEMENT DBA ALVISO INDEPENDENT OIL,CAL000048571, STANDARDIZED,CLOSED,5002 ARCHER ST,ALVISO,37.427826,-121.97219
CO OF LAKE (AGRICULTURAL COMM),CAD980816425, STANDARDIZED,CLOSED,883 LAKEPORT BLVD,LAKEPORT,39.032553,-122.92215
COALINGA DIST KETTLEMAN,CAT080011950, RCRA,CLOSED,11P LASSEN AVE,AVENAL,36.075278,-120.10362
COMMANDER NTC & FORT IRWIN,CA5213790038, RCRA,UNDERGOING CLOSURE,602 BARSTOW RD & 5TH ST,FORT IRWIN,35.153877,-116.40411
COMMODITY RESOURCE & ENVIRONMENTAL,CAD981402522, STANDARDIZED,CLOSED,11847 UNITED ST,MOJAVE,34.993374,-118.15101
COMMUNICATIONS & POWER INDUSTRIES,CAR000003863, RCRA,CLOSED,811 HANSEN WAY,PALO ALTO,37.418972,-122.13809
CONSOLIDATED FOUNDRIES-POMONA,CAD076243815,,CLOSED,4200 W VALLEY BLVD,POMONA,34.03544,-117.82362
CONTINENTAL CAN CO USA PLANT 11,CAD002905198, RCRA,CLOSED,3820 UNION PACIFIC AVE,LOS ANGELES,34.014996,-118.19362
CONTINENTAL CAN CO USA PLT. #12,CAT000624643, RCRA,PROTECTIVE FILER,357 E TAYLOR ST,SAN JOSE,37.353241,-121.89239
CONTRA COSTA GENERATING STATION,CAT080011489, RCRA,CLOSED,3201 WILBUR AVE,ANTIOCH,38.017036,-121.76463
CORDIS DOW CORP,CAD020028403,,CLOSED,2450 BISSO LANE,CONCORD,37.984611,-122.04681
CORDOVA CHEMICAL CO (CALIF),CAD094377702, RCRA,CLOSED,HWY 50 AEROJET ROAD,RANCHO CORDOVA,35.749968,-121.22047
COSTCO WHOLESALE #401,CAD073345811, LOWER TIER,CLOSED,4605 MORENA BLVD,SAN DIEGO,32.822988,-117.22518
COUNTY OF FRESNO HAMILTON YARD COMPLEX,CAT000646158,,CLOSED,1730 S MAPLE AVE,FRESNO,36.725656,-119.74545
COURTAULDS AEROSPACE INC,CAD009110867,,CLOSED,1608 FOURTH ST,BERKELEY,37.873328,-122.30209
CPI - EIMAC DIV,CAD009438300, RCRA,CLOSED,301 INDUSTRIAL RD,SAN CARLOS,37.515258,-122.26008
CRAGAR INDUSTRIES INC,CAD009607607, RCRA,PROTECTIVE FILER,19007 S REYES AVE,COMPTON,33.85709,-118.21194
CRANE AEROSPACE HYDRO-AIRE DIVISION,CAD008388720, RCRA,CLOSED,3000 WINONA AVE,BURBANK,34.198669,-118.34333
CRANE'S WASTE OIL INC,CAD980813950, STANDARDIZED,OPERATING PERMIT,16095 HIGHWAY 178,WELDON,35.654373,-118.34935
CRAVEY X-RAY SERV. INC,CAD982321879, STANDARDIZED ISD,CLOSED,1005 E STREET,MODESTO,37.636396,-120.99412
CRISTINA WAREHOUSE CO INC,CAD004771358,,PROTECTIVE FILER,1045 N 10TH ST,SAN JOSE,37.360346,-121.89657
CRITERION CATALYSTS & TECHNOLOGIES,CAD008344228, RCRA,CLOSED,1001 N TODD AVE,AZUSA,34.140951,-117.92592
CROSBY & OVERTON,CAD028409019, RCRA,OPERATING PERMIT,1630 W 17TH ST,LONG BEACH,33.787661,-118.21442
CROWLEY ENVIRON SERVICES CORP,CAD080129109,,PROTECTIVE FILER,1453 HARBOUR WAY S,RICHMOND,37.910408,-122.36008
CROWN CORK & SEAL CO INC,CAT000624809, RCRA,PROTECTIVE FILER,1300 LOVERIDGE ROAD,PITTSBURG,38.019035,-121.85804
CTS PRINTEX INC,CAD980895353,,PROTECTIVE FILER,47010 KATO ROAD,FREMONT,37.415959,-122.0888
CULLIGAN DEIONIZED WATER SERVICES,CAD000819755,,PROTECTIVE FILER,315 N HOOVER ST,LOS ANGELES,34.077263,-118.28485
CYR AVIATION,CAD980889224,,KNOWN GENERATORS,15401 S LOVEKIN BLVD,BLYTHE,33.592985,-114.60514
D K DIXON,CAT080012602, STANDARDIZED,OPERATING PERMIT,7300 CHEVRON WAY,DIXON,38.415827,-121.8891
DATA CIRCUITSINC.,CAD067625129, RCRA,CLOSED,1607 W ORANGE GROVE AVE,ORANGE,33.796363,-117.86948
DAVID H FELL & CO INC,CAD981384332, STANDARDIZED,CLOSED,4176 PACIFIC WAY,CITY OF COMMERCE,34.008558,-118.18601
DAVID H FELL AND COMPANY INC,CAL000110141, STANDARDIZED,UNDERGOING CLOSURE,6009 BANDINI BLVD,LOS ANGELES,33.991667,-118.15638
DAVIS CHEMICAL CO DTSC ORPHAN SITE,CAD070215355,,CLOSED,1550 N BONNIE BEACH PL,LOS ANGELES,34.059175,-118.18267
DAVIS X RAY SERVICE & SUPPLIES,CAD983591090, STANDARDIZED,CLOSED,2536 RAILROAD AVE,REDDING,40.572389,-122.39145
DAVIS X-RAY COMPANY INC,CAL920973155, STANDARDIZED,CLOSED,9570 RIDGE HAVEN COURT,SAN DIEGO,32.821656,-117.12251
DC INDUSTRIAL SERVICES INC,CAD983645755,,PROTECTIVE FILER,4626 E 48TH ST,VERNON,33.997967,-118.19477
DEAN X RAY INC,CAD983581406, LOWER TIER,CLOSED,9849 KITTY LN,OAKLAND,37.727726,-122.19633
DECRATREND PAINTS,CAD008270043,,PROTECTIVE FILER,251 MASON WAY,CITY OF INDUSTRY,34.047775,-117.98807
DEFENSE DISTRIBUTION DEPOT SAN JOAQUIN - SHARPE SITE,CA8210020832, RCRA,UNDERGOING CLOSURE,ROTH ROAD BLDG S-4,LATHROP,37.834988,-121.2691
DEFENSE DISTRIBUTION DEPOT SAN JOAQUIN - TRACY SITE,CA4971520834," RCRA, RCRA INTERIM STATUS PERMIT",UNDERGOING CLOSURE,25600 S CHRISMAN RD,TRACY,37.722104,-121.39726
DEL NORTE COUNTY/DEPT OF AGRICULTURE,CAD000626176,,PROTECTIVE FILER,2650 WASHINGTON BLVD,CRESCENT CITY,41.771712,-124.23776
DELPHI CORPORATION,CAD008323396, LOWER TIER,CLOSED,1201 N MAGNOLIA AVE,ANAHEIM,33.852107,-117.97753
DELPHI-CONNECTION SYSTEMS,CAD076071737, RCRA,CLOSED,17150 VON KARMAN AVE,IRVINE,33.691447,-117.83937
DELTA DVH CIRCUITS,CAD066654096, LOWER TIER,CLOSED,16117 LEADWELL ST,VAN NUYS,34.204167,-118.48432
DENNIS X RAY CO,CAL000073292, STANDARDIZED,CLOSED,301 ALLERTON AVE,SOUTH SAN FRANCISCO,37.652326,-122.39254
DENOVA ENVIRONMENTAL INC,CAT080022148, RCRA,UNDERGOING CLOSURE,2610 N ALDER AVE,RIALTO,34.139826,-117.41957
DEPARTMENT OF TOXIC SUBSTANCES CONTROL,CAD009183948, STANDARDIZED,PROTECTIVE FILER,989 89TH AVE,OAKLAND,37.747489,-122.18179
DEPRESSURIZED TECHNOLOGIES INT,CAD983665068, STANDARDIZED,CLOSED,335 COCHRANE CIR,MORGAN HILL,37.147473,-121.66525
DEPT OF AIR FORCE VANDENBERG AFB,CA9570025149, RCRA,OPERATING PERMIT,VANDENBERG AFB,VANDENBERG AFB,34.72468,-120.54822
DEPT OF DEV SVCS/LANTERMAN DEVELOPMENTAL CENTER,CAD981378102, RCRA,CLOSED,3530 POMONA BLVD,POMONA,34.04628,-117.81076
DETREX CORP,CAD020161642, RCRA,CLOSED,3027 FRUITLAND AVE,LOS ANGELES,33.997042,-118.21449
DIAGNOSTIC X RAY IMAGING INC,CAD983656604, STANDARDIZED,CLOSED,636 NEWHALL ST,SAN JOSE,37.348879,-121.92093
DIAMOND OIL SERVICE,CAD981370539, STANDARDIZED,CLOSED,75 PRADO ROAD,SAN LUIS OBISPO,35.25459,-120.67073
DIATOMICS MINERALS CORP,CAD982333031, RCRA,CLOSED,5 MI N HALLELUJAH JCT,DOYLE,39.82599,-120.08475
DICKS VACUUM TRUCK SERVICE,CAL000121952, RCRA,CLOSED,1122 N HARBOR BLVD,SANTA ANA,33.755016,-117.9205
DICO,CAD980737076,,UNDERGOING CLOSURE,1845 E WILLOW ST,SIGNAL HILL,33.805746,-118.16952
DIVERSEY WYANDOTTE CORP,CAD046455747, RCRA,CLOSED,8921 DICE RD,SANTA FE SPRINGS,33.957953,-118.06719
DOC - PRISON INDUSTRY AUTHORITY,CAD981694102, RCRA,CLOSED,FOLSOM STATE PRISON,REPRESA,38.695797,-121.16313
DONCO INDUSTRIES INC,CAD983608571, RCRA,CLOSED,894 INNES AVE,SAN FRANCISCO,37.732089,-122.37583
"DST OUTPUT WEST, LLC",CAD982319725, LOWER TIER,CLOSED,5220 ROBERT J MATHEWS PKWY,EL DORADO HILLS,38.616543,-121.05766
DTSC CHEMICAL & PIGMENT SITE CLEANUP,CAD009159476, RCRA,CLOSED,600 NICHOLS RD,PITTSBURG,38.042662,-121.98905
DUCOMMUN AEROSTRUCTURES,CAD093245645, RCRA,POST CLOSURE PERMIT,4001 EL MIRAGE RD,ADELANTO,34.601057,-117.58202
DYNEGY MORRO BAY LLC,CAT080011646, RCRA,CLOSED,1290 EMBARCADERO RD,MORRO BAY,35.370608,-120.85565
"DYNEGY MOSS LANDING, LLC",CAT080011653, RCRA,CLOSED,HIGHWAY 1 AND DOLAN RD,MOSS LANDING,36.804894,-121.783
DYNEGY SOUTH BAY LLC,CAT000619056, LOWER TIER,CLOSED,990 BAY BLVD,CHULA VISTA,32.612208,-117.09211
ECO SERVICES OPERATIONS CORP,CAD053049490,,CLOSED,100 MOCOCO RD,MARTINEZ,38.030959,-122.11498
ECO SERVICES OPERATIONS CORP FORMERLY ECO SERVICES OPERATIONS LLC,CAT000611202, RCRA,CLOSED,20720 S WILMINGTON AVE,CARSON,33.843162,-118.23319
ECOLOGY CONTROL INDUSTRIES,CAD009466392, STANDARDIZED,CLOSED,255 PARR BLVD,RICHMOND,37.969368,-122.36777
ECOLOGY CONTROL INDUSTRIES,CAD000057760, RCRA,CLOSED,336 W ANAHEIM ST,WILMINGTON,33.778801,-118.26536
ECOLOGY CONTROL INDUSTRIES,CAD982484933, STATE ONLY,CLOSED,13738 SLOVER AVE,FONTANA,34.063433,-117.50617
EDGINGTON OIL CO LLC,CAD008253957, RCRA,UNDERGOING CLOSURE,2400 E ARTESIA BLVD,LONG BEACH,33.87369,-118.16218
EDWARDS AIR FORCE BASE,CA1570024504, RCRA,OPERATING PERMIT,5 E POPSON AVE,EDWARDS,34.90348,-117.84003
EECOINC,CAD008256349, RCRA,CLOSED,1441 E CHESTNUT AVE,SANTA ANA,33.742815,-117.84895
EKCO METALS,CAD042223180, RCRA,CLOSED,1700 PERRINO PL,LOS ANGELES,34.017952,-118.22048
EL CENTRO TEXACO,CAL000091813, LOWER TIER,CLOSED,805 NORTH IMPERIAL AVE,EL CENTRO,32.799459,-115.56958
ELCO CORP,CAD048340699, RCRA,CLOSED,2250 PARK PLACE,EL SEGUNDO,33.904363,-118.38442
ELECTRO TEST INC,CAD000628339, RCRA,PROTECTIVE FILER,3470 FOSTORIA WAY,SAN RAMON,37.784154,-121.96751
ELECTROFILM INC,CAD009545344,,PROTECTIVE FILER,7116 LAUREL CANYON BLVD,NORTH HOLLYWOOD,34.20002,-118.3961
EMBEE PROCESSING,CAD009659541, RCRA,CLOSED,2136 S HATHAWAY ST,SANTA ANA,33.718312,-117.8526
EMERSON & CUMING,CAD095627741, RCRA,CLOSED,604 W 182ND ST,GARDENA,33.869295,-118.28387
ENGELHARD WEST INC,CAT000612150, RCRA,CLOSED,5510 E LA PALMA AVE,ANAHEIM,33.8585,-117.79491
ENVIRO SEAL,CAD008392318, RCRA,CLOSED,13766 SATICOY ST,VAN NUYS,34.209486,-118.43325
ENVIROMENTAL ENHANCEMENT SYSTEMS,CAD981578289, RCRA,CLOSED,62 AVE &60TH AVE ON ST HWY 111,RIVERSIDE COUNTY,34.001782,-118.02893
ENVIRONMENTAL PROTECTION CORP,CAD980880900, RCRA,CLOSED,STATE HIGHWAY 33,NORTHWEST OF TAFT,35.210188,-119.55825
ENVIROPUR WEST CORP,CAT080011059, RCRA,UNDERGOING CLOSURE,1835 E 29TH ST,SIGNAL HILL,33.810529,-118.17106
EPC EASTSIDE DISPOSAL FARM,CAD030384267,,UNDERGOING CLOSURE,SEC 24 30 T28S,BAKERSFIELD,35.469096,-118.90315
EPC WESTSIDE DISPOSAL FACILITY,CAT080010283, RCRA,POST CLOSURE PERMIT,26251 HIGHWAY 33,FELLOWS,35.20039,-119.55829
EPTC-ETIWANDA,CAD079548574, RCRA,CLOSED,8998 ETIWANDA AVE,ETIWANDA,34.092923,-117.52413
EPTC-HIGHGROVE,CAD000631028, RCRA,CLOSED,12600 TAYLOR ST,COLTON,34.022639,-117.33139
EPTC-HUNTINGTON BEACH,CAD000631085,,UNDERGOING CLOSURE,21652 NEWLAND ST,HUNTINGTON BEACH,33.646006,-117.97746
EPTC-LONG BEACH,CAD000631143, RCRA,CLOSED,2685 W SEASIDE BLVD,TERMINAL ISLAND,33.760337,-118.23038
EPTC-MANDALAY,CAD000630913, RCRA,UNDERGOING CLOSURE,373 N HARBOR BLVD,OXNARD,34.206935,-119.25043
EPTC-ORMOND BEACH,CAD000631036, RCRA,CLOSED,6640 S EDISON DR,OXNARD,34.133485,-119.16656
EPTC-REDONDO,CAD000631093, RCRA,UNDERGOING CLOSURE,1100A HARBOR DR,REDONDO BEACH,33.851174,-118.39458
EQUILON ENTERPRISES LLC - CARSON TERMINAL,CAD066676123, RCRA,CLOSED,20945 SO WILMINGTON AVE,CARSON,33.839603,-118.23718
ESB INCORPORATED,CAD008312951, RCRA,PROTECTIVE FILER,5700 E OLYMPIC BLVD,LOS ANGELES,34.014119,-118.1488
ETHYL CORP/WILMINGTON TERMINAL,CAD044430668, RCRA,CLOSED,1201 E LOMITA BLVD,CARSON,33.799319,-118.25441
EVERGREEN ENVIRONMENTAL SERVICES - RIPON,CAD982446890, RCRA,CLOSED,777 S LOCUST AVE,RIPON,37.733277,-121.12745
EVERGREEN ENVIRONMENTAL SERVICES REDDING,CAD982446908, RCRA,CLOSED,501 CLEAR CREEK RD,REDDING,40.51072,-122.38842
EVERGREEN ENVIRONMENTAL SVCS - VALLEJO,CAD982446866, STANDARDIZED,CLOSED,LAKE HERMAN ROAD AT COLUMBUS,VALLEJO,38.114821,-122.19527
EXELIS INC,CAD990665556,,PROTECTIVE FILER,7821 ORION AVE,VAN NUYS,34.213709,-118.47133
EXIDE CORP/SAN FRANCISCO SVC CTR,CAD046000931,,CLOSED,286 LAWRENCE AVE,SOUTH SAN FRANCISCO,37.64906,-122.39533
EXIDE CORPORATION,CAD047380084, RCRA,CLOSED,8127 AVENUE 304,VISALIA,36.341673,-119.42162
EXIDE TECHNOLOGIES INC,CAD097854541, RCRA,UNDERGOING CLOSURE,2700 S INDIANA ST,VERNON,34.006185,-118.19411
EXXONMOBIL OIL CORP 99WPF,CAD029662038, RCRA,CLOSED,1351 BEAMER ST,WOODLAND,38.685345,-121.75773
FABRICATED CIRCUITS INC.,CAD082898180, RCRA,PROTECTIVE FILER,1196 NORMAN AVENUE,SANTA CLARA,37.385456,-121.95376
FAIRCHILD SEMICONDUCTOR CORP,CAD009144619,,CLOSED,4300 REDWOOD HWY,SAN RAFAEL,38.014012,-122.54072
FALCON ENERGY ASSOC,CAD982526857, RCRA,CLOSED,ARCH AUSTIN ROAD,STOCKTON,37.952445,-121.3142
FANSTEEL INC,CAD050810829,,PROTECTIVE FILER,5235 W 104TH ST,LOS ANGELES,33.94242,-118.37161
FARMERS AERIAL SVC,CAD980889216, LOWER TIER,CLOSED,17500 W HOBSON WAY,BLYTHE,33.613819,-114.71801
"FILTRONIC COMPOUND SEMICONDUCTORS, INC.",CAT000625392, RCRA,CLOSED,3251 OLCOTT ST,SANTA CLARA,37.380487,-121.96603
FIRESTONE TIRE & RUBBER CO,CAD990793887, RCRA,CLOSED,"340 EL CAMINO REAL SO, #48",SALINAS,36.626345,-121.5912
FLINT GROUP NORTH AMERICA CORPORATION,CAD008330185, RCRA,CLOSED,13055 E TEMPLE AVE,CITY OF INDUSTRY,34.056394,-117.99925
FMC CORP,CAD000629998, RCRA,UNDERGOING CLOSURE,2501 S SUNLAND AVE,FRESNO,36.710626,-119.76886
FMC CORPORATION,CAD077184745,,CLOSED,1125 COLEMAN AVENUE,SAN JOSE,37.354374,-121.92901
FMC CORPORATION,CAD000625798, STATE ONLY,CLOSED,1200 GRAPHICS DR,MODESTO,37.648955,-121.01918
FMC CORPORATION,CAD009147000, RCRA,CLOSED,8787 ENTERPRISE DR,NEWARK,37.521888,-122.0515
FOAMEX INTERNATIONAL INC,CAT000646190,,PROTECTIVE FILER,1400 E VICTORIA AVE,SAN BERNARDINO,34.074391,-117.25616
FORD MOTOR CO,CAD981393085, RCRA,CLOSED,33600 ORTEGA HWY TSD SITE,SAN JUAN CAPISTRANO,33.479665,-117.55188
FORMER BAC INC GROUNDWATER REMEDIATION FACILITY/TRACK FOUR,CAD084520493, RCRA,CLOSED,3058 BEACHWOOD DR,MERCED,37.33371,-120.5259
FORMER BLUE CORAL FACILITY,CAD008381360, RCRA,UNDERGOING CLOSURE,1920 RANDOLPH ST,LOS ANGELES,33.986444,-118.2385
FORMER ECS 705 REED ST,CAD003963592, STANDARDIZED,UNDERGOING CLOSURE,705 REED ST,SANTA CLARA,37.359708,-121.94547
FORMER ELDORADO CHEMICAL CO INC,CAD089681068,,PROTECTIVE FILER,1805 MARTIN LUTHER KING JR BLVD,STOCKTON,37.942983,-121.26296
FORMER INTERNATIONAL LIGHT METAL CORP FACILITY,CAD030398622, RCRA,POST CLOSURE PERMIT,19200 S WESTERN AVE,TORRANCE,33.854211,-118.30905
FORMER POTRERO POWER PLANT,CAT080011703,,PROTECTIVE FILER,1201-A ILLINOIS ST,SAN FRANCISCO,37.75677,-122.38722
FORMER TECHNICHEM INC,CAD981375983, STANDARDIZED,UNDERGOING CLOSURE,4245 HALLECK ST,EMERYVILLE,37.831129,-122.29053
FORMICA CORP,CAD000415455,,CLOSED,3500 CINCINNATI AVE,ROCKLIN,38.825768,-121.31061
"FORT HUNTER LIGGETT, US ARMY",CA8210020436,,CLOSED,FORT HUNTER LIGGETT,JOLON,35.999967,-121.25103
FORWARD LANDFILL,CAL000190080, RCRA,CLOSED,9999 S AUSTIN RD,MANTECA,37.873813,-121.18767
FORWARD LANDFILL,CAD990794133, RCRA,POST CLOSURE PERMIT,9999 S AUSTIN RD,STOCKTON,37.876382,-121.18489
FOUR-PHASE SYSTEMS INC,CAD990794158,,CLOSED,10700 N DE ANZA BLVD,CUPERTINO,37.331906,-122.0298
FRANCIS PLATING OF OAKLAND INC,CAD009206160,,PROTECTIVE FILER,785 7TH ST,OAKLAND,37.802286,-122.28175
FREMOUW ENVIRONMENTAL SERVICES INC,CAR000171017, RCRA,CLOSED,6940 TREMONT RD,DIXON,38.495746,-121.79933
"FULLERTON MFG. CO., INC.",CAD008493017, RCRA,CLOSED,336 EAST SANTA FE AVE.,FULLERTON,33.869056,-117.91804
"FXI, INC - ORANGE",CAD008352361,,PROTECTIVE FILER,2060 N BATAVIA ST,ORANGE,33.821128,-117.86399
G-3 ENTERPRISES LABEL DIVISION,CAD056186596,,PROTECTIVE FILER,2612 CROWS LANDING RD,MODESTO,37.593596,-120.99058
G-C LUBRICANTS CO,CAD056670029, RCRA,CLOSED,977 BRANSTEN RD,SAN CARLOS,37.50615,-122.25328
GAF CORPORATION - LONG BEACH,CAD008493900, RCRA,PROTECTIVE FILER,2340 ARTESIA STREET,LONG BEACH,33.874402,-118.1644
GALLADE CHEMICAL INC,CAT080012651, STATE ONLY,PROTECTIVE FILER,1510 INDUSTRIAL AVE,ESCONDIDO,33.121152,-117.10936
"GALLADE CHEMICAL, INC",CAD029363876, RCRA,CLOSED,1230 E SAINT GERTRUDE PL,SANTA ANA,33.71926,-117.85472
GATX RAIL,CAD055698815, RCRA,CLOSED,PEPPER & SLOVER ST,COLTON,34.063325,-117.3509
GE ENGINE SERVICES INC,CAD009542721, RCRA INTERIM STATUS PERMIT,CLOSED,ONTARIO INT'L AIRPORT,ONTARIO,34.056958,-117.60699
GE HITACHI - VALLECITOS NUCLEAR CENTER,CAD053914206,,CLOSED,6705 VALLECITOS RD,SUNOL,37.605554,-121.83738
GE NUCLEAR ENERGY,CAT000613471,,PROTECTIVE FILER,175 CURTNER AVE MC 402,SAN JOSE,37.300736,-121.86555
GEM OF RANCHO CORDOVA LLC DBA PSC ENVIRONMENTAL SVS OF RANCHO CORDOVA,CAD980884183, RCRA,OPERATING PERMIT,11855 WHITE ROCK RD,RANCHO CORDOVA,38.593357,-121.23641
GEMINI INDUSTRIES INC,CAD063132039,,PROTECTIVE FILER,2311 S PULLMAN ST,SANTA ANA,33.713177,-117.84248
GENERAL ATOMICS,CAD067638957, RCRA,CLOSED,3550 GENERAL ATOMICS CT,SAN DIEGO,32.893917,-117.23604
GENERAL CERAMICS,CAD044343119,,PROTECTIVE FILER,2770 CORONADO ST,ANAHEIM,33.850674,-117.87231
GENERAL CIRCUITS INC,CAD982462335,,PROTECTIVE FILER,3585 HAVEN AVENUE,MENLO PARK,37.486648,-122.18584
GENERAL CIRCUITS INC.,CAD074665704, RCRA,PROTECTIVE FILER,3549 J HAVEN AVENUE,MENLO PARK,37.487225,-122.18862
GENERAL DYNAMICS OTS,CAD000626762, RCRA,CLOSED,3.2 MILES WEST 1580 CORRAL,TRACY,37.655486,-121.49272
GENERAL ELECTRIC CO,CAT000611095, RCRA,CLOSED,11115 VANOWEN STREET,NORTH HOLLYWOOD,34.195327,-118.37283
GENERAL ELECTRIC CO,CAD009208075,,CLOSED,5441 E 14TH ST,OAKLAND,37.767086,-122.20438
GENERAL ELECTRIC COMPANY,CAT000622357, RCRA,CLOSED,234 EAST MAIN ST,ONTARIO,34.060712,-117.6482
GENERAL ELECTRIC COMPANY,CAT080012628,,PROTECTIVE FILER,34863 MISSION BLVD,UNION CITY,37.587206,-122.01148
GENERAL ELECTRIC INTERNATIONAL INC,CAD030584502, RCRA,OPERATING PERMIT,3601 E LA PALMA AVE,ANAHEIM,33.856245,-117.84075
GENERAL ELECTRIC MEDICAL SYSTEMS,CAD000819680, RCRA,CLOSED,3920 SECURITY PARK,RANCHO CORDOVA,38.560992,-121.20816
GENERAL INSTRUMENT CORPORATION,CAD095984167, RCRA,CLOSED,3400 HILLVIEW AVE,PALO ALTO,37.404154,-122.14812
GENERAL MOTORS SERVICE PARTS OPERATIONS,CAD076240407,,PROTECTIVE FILER,14141 ALONDRA BLVD.,SANTA FE SPRINGS,33.889132,-118.03132
GENERAL MOTORS VAN NUYS ASSEMBLY PLANT,CAD000051458, RCRA,CLOSED,8000 VAN NUYS BLVD,VAN NUYS,34.216302,-118.44838
GEORGE AFB SUPERIOR VALLEY RANGE,CA3570090438, RCRA,CLOSED,S13 14 24 T305 R46E,CHINA LAKE,35.316525,-117.02671
GEORGE AIR FORCE BASE,CA2570024453, RCRA,NON-OPERATING,18374 PHANTOM WEST ST,VICTORVILLE,34.583983,-117.3787
GEORGIA PACIFIC RESINS INC,CAT000624296,,CLOSED,HOLLOW TREE ROAD,UKIAH,39.178135,-123.21023
GEORGIA PACIFIC WEST INC,CAD089184097, RCRA,PROTECTIVE FILER,90 W REDWOOD AVE,FORT BRAGG,39.444375,-123.80925
GEORGIA-PACIFIC CORP CHEM PAC DIVISION,CAD096233564,,PROTECTIVE FILER,75 W VALPICO ROAD,TRACY,37.712214,-121.42617
GEORGIA-PACIFIC CORRUGATED LLC,CAD094865250,,PROTECTIVE FILER,24600 AVENUE 13,MADERA,36.936288,-120.10037
GEOTHERMAL INC,CAD098080484,,CLOSED,19020 BUTTS CANYON RD,MIDDLETOWN,38.735269,-122.5626
GIBSON ENVIRONMENTAL,CAD980883177, RCRA,CLOSED,END OF COMMERCIAL DR,BAKERSFIELD,35.3806,-119.05551
GIBSON ENVIRONMENTAL,CAD981458466,,UNDERGOING CLOSURE,401 CANAL ST,WILMINGTON,33.763076,-118.25864
GIBSON PRP GROUP,CAR000086942, RCRA,CLOSED,2401 GIBSON ST END OF MARRIOTT,BAKERSFIELD,35.38052,-119.05217
GLENCORE RECYCLING LLC,CAD069124717," RCRA, STANDARDIZED",OPERATING PERMIT,1695 MONTEREY HWY,SAN JOSE,37.310611,-121.86943
GLENN COUNTY DEPARTMENT OF AGRICULTURE,CAD000625962,,PROTECTIVE FILER,720 NORTH COLUSA STREET,WILLOWS,39.531682,-122.19226
GM ASSEMBLY DIV-GMC,CAD008295719, RCRA,CLOSED,2700 TWEEDY BLVD,SOUTH GATE,33.945735,-118.22409
GNB TECHNOLOGIES,CAT000617258, RCRA,CLOSED,12981 EAST 166TH ST,CERRITOS,33.880524,-118.05581
GOLDEN EAGLE REFINING COMPANY INC,CAD062080064,,PROTECTIVE FILER,21000 SOUTH FIGUEROA STREET,CARSON,33.840163,-118.28357
GOLDEN WEST REFINING CO/OVERALL,CAD051485043, RCRA,CLOSED,13539 E FOSTER RD,SANTA FE SPRINGS,33.909153,-118.04324
GRAPHIC RECYCLING INC,CAL000013493, STANDARDIZED ISD,CLOSED,7331 FULTON AVE,NORTH HOLLYWOOD,34.203853,-118.42295
"GRAPHIC-RESEARCH, INC.",CAD009680232, LOWER TIER,CLOSED,9334 MASON AVE,CHATSWORTH,34.240483,-118.57915
GREAT LAKES CHEMICAL CORP,CAD079532990, RCRA,CLOSED,17461 DERIAN AVE,IRVINE,33.685728,-117.84123
GREAT WESTERN CHEMICAL CO,CAD095991253,,CLOSED,945 AMES AVE,MILPITAS,37.421667,-121.88588
GREIF FIBRE DRUM INC,CAD093073427,,PROTECTIVE FILER,701 WILLOW PASS RD,PITTSBURG,38.027439,-121.90098
GROVER PRODUCTS CO,CAD008308553,,PROTECTIVE FILER,3424 E OLYMPIC BLVD,LOS ANGELES,34.018573,-118.20417
GROW GROUP,CAD009380890, RCRA,UNDERGOING CLOSURE,760 S VAIL,MONTEBELLO,34.00245,-118.1237
GROW GROUP INC,CAD085393080, RCRA,CLOSED,2425 MALT AVE,CITY OF COMMERCE,33.996341,-118.13612
GTE LENKURT INC,CAD009118605,,CLOSED,1105 COUNTY ROAD,SAN CARLOS,37.50329,-122.25425
H & H SHIP SERVICE CO,CAD004771168, RCRA,CLOSED,220 CHINA BASIN ST,SAN FRANCISCO,37.775799,-122.38814
HAMILTON SUNDSTRAND POWER SYSTEMS,CAT000611517,,CLOSED,4400 RUFFIN RD,SAN DIEGO,32.819895,-117.12849
HAMPTON TEDDER ELECTRIC CO INC,CAD076062710,,CLOSED,4571 STATE ST,MONTCLAIR,34.059155,-117.70541
HANDY & HARMAN,CAD008323693, RCRA,CLOSED,4140 GIBSON ROAD,EL MONTE,34.08135,-118.04952
HARBOR OIL,CAL000161056, RCRA,CLOSED,5300 CLAUS ROAD,RIVERBANK,37.716163,-120.91772
HARTWELL CORPORATION,CAD060763596, LOWER TIER,CLOSED,9810 SIXTH ST,CUCAMONGA,34.085263,-117.59069
HAZARDOUS TECHNOLOGIES,CAD009661844, RCRA,UNDERGOING CLOSURE,2744 POMONA BLVD,POMONA,34.054592,-117.79939
HAZMAT TSDF INC FORMER FILTER RECYCLING SERVICES INC,CAD982444481, STANDARDIZED,OPERATING PERMIT,180 W MONTE AVE,RIALTO,34.061174,-117.37221
HENKEL CORPORATION,CAD000055798, RCRA,CLOSED,12607 CERISE AVE,HAWTHORNE,33.9182,-118.33209
HENKEL CORPORATION,CAD009152364, VARIANCE,CLOSED,37899 NILES BLVD,FREMONT,37.57418,-121.97361
HERAEUS METAL PROCESSING LLC,CAD060398229, STANDARDIZED,OPERATING PERMIT,15524 CARMENITA RD,SANTA FE SPRINGS,33.889053,-118.04568
HERCULES LLC,CAT000617407,,PROTECTIVE FILER,4901 SAN PABLO AVENUE,HERCULES,38.028254,-122.27525
HEWLETT PACKARD CO,CAD049231319, RCRA,PROTECTIVE FILER,5301 STEVENS CREEK BLVD,SANTA CLARA,37.324876,-121.99985
HEWLETT-PACKARD CO/SANTA ROSA DIV,CAD058412842, RCRA,CLOSED,1412 FOUNTAIN GROVE PKWY,SANTA ROSA,38.484659,-122.71007
HEWLETT-PACKARD COMPANY,CAT000617266,,CLOSED,3500 DEER CREEK RD,PALO ALTO,37.39465,-122.15056
HEWLETT-PACKARD COMPANY,CAD009122557, RCRA,CLOSED,395 PAGE MILL RD,PALO ALTO,37.424727,-122.13984
HEWLETT-PACKARD COMPANY (VALLEY SITE),CAT000624866,,CLOSED,1201 PINER RD,SANTA ROSA,38.472358,-122.73947
HGST INC,CAR000128793, RCRA,OPERATING PERMIT,5601 GREAT OAKS PKWY,SAN JOSE,37.250039,-121.79514
HONEYWELL INC,CAD008351827,,CLOSED,--,WEST COVINA,34.083677,-117.91772
HONEYWELL INTERNATIONAL INC (FMR BARON-BLAKESLEE INC),CAT000618652, RCRA,CLOSED,3596 CALIFORNIA ST,SAN DIEGO,32.74031,-117.18054
HONEYWELL INTERNATIONAL INC FORMER BARON-BLAKESLEE,CAD074644659, RCRA,POST CLOSURE PERMIT,8333 ENTERPRISE DR,NEWARK,37.523518,-122.0489
HP INC,CAD009122532, RCRA,CLOSED,1501 PAGE MILL RD,PALO ALTO,37.412037,-122.14843
HRL LABORATORIES LLC,CAD041156969, RCRA,CLOSED,3011 MALIBU CANYON RD,MALIBU,34.04313,-118.69566
HUCK INTERNATIONAL INC,CAD044429884, RCRA,CLOSED,900 E WATSON CENTER RD,CARSON,33.819433,-118.25883
HUGH J-RESINS COMPANY,CAD008316218, LOWER TIER,CLOSED,2267 W GAYLORD,LONG BEACH,33.786562,-118.222
HUGHES AIRCRAFT CO.-JVC TECHNOLOGY,CAD084239987, LOWER TIER,CLOSED,6155 EL CAMINO REAL,CARLSBAD,33.126769,-117.26698
HUGHES AIRCRAFT COMPANY CULVER CITY,CAD008286221,,PROTECTIVE FILER,CENTINELA AND TEALE STREETS,CULVER CITY,33.98401,-118.40232
HUGHES SPACE AND COMMUNICATIONS CO(HSC),CAD981440068, RCRA,CLOSED,19300 GRAMERCY PLACE,TORRANCE,33.855358,-118.31436
HYDROCHEM INDUSTRIAL SERVICES INC,CAD000628271, LOWER TIER,CLOSED,301 CRENSHAW BLVD,TORRANCE,33.846492,-118.32907
I T TRANSPORTATION CORP/NO CALIF,CAD000058917,,CLOSED,4501 PACHECO BLVD,MARTINEZ,38.006185,-122.08805
IBM ALMADEN RESEARCH CTR,CAD980883292,,CLOSED,650 HARRY RD,SAN JOSE,37.210733,-121.80701
IBM CORPORATION,CAD990843989, RCRA,CLOSED,5601 GREAT OAKS PKWY,SAN JOSE,37.247933,-121.79204
IDC OF CALIFORNIA INC,CAT080012479,,PROTECTIVE FILER,1601 DIXON LANDING RD,MILPITAS,37.453983,-121.92878
IMATION CORP,CAD080079601,,CLOSED,350 S LEWIS RD,CAMARILLO,34.210432,-119.03626
IMTT-RICHMOND-CA,CAD043237494,,PROTECTIVE FILER,100 CUTTING BLVD,RICHMOND,37.925266,-122.36892
INDUSTRIAL SERVICE OIL CO INC,CAD099452708, RCRA,OPERATING PERMIT,1700 S SOTO ST,LOS ANGELES,34.018333,-118.21969
INDUSTRIAL WASTE UTILIZATION INC,CAD980585293, LOWER TIER,CLOSED,5601 STATE ST,MONTCLAIR,34.059267,-117.68237
INEOS COMPOSITES US LLC,CAD044046274, RCRA,CLOSED,6608 E 26TH ST,COMMERCE,33.988686,-118.14067
INFORMATION MANAGEMENT SYSTEMS(IMS),CAD020159760, RCRA,CLOSED,31717 LA TIENDA RD,WESTLAKE VILLAGE,34.152059,-118.81052
INPRINT CORPORATION,CAT080013840,,PROTECTIVE FILER,968 STEWART DRIVE,SUNNYVALE,37.382627,-122.00318
INTEVAC,CAT080010804, RCRA,CLOSED,601 CALIFORNIA AVE,PALO ALTO,37.423366,-122.14605
INTRICATE DESIGN SERVICES_DBA EMF MFG.,CAT080013261,,PROTECTIVE FILER,1640 EAST EDINGER,SANTA ANA,33.72615,-117.84605
IONIZATION RESEARCH CO,CAD983652330, STANDARDIZED,CLOSED,2007 W HEDDING STREET,SAN JOSE,37.331973,-121.93505
IONIZATION RESEARCH CO DBA ECOSOLUTIONS,CAL000175030, STANDARDIZED,CLOSED,1823 HOURET CT,MILPITAS,37.406219,-121.89668
IONIZATION RESEARCH CO INC/ECOSOLUTIONS,CAL000082530, STANDARDIZED,CLOSED,820 PARK AVE,SAN JOSE,37.325942,-121.90572
IT CORP - BAKER FACILITY,CAD089680250, RCRA,CLOSED,EAST END OF ARTHUR RD,MARTINEZ,38.017423,-122.07329
IT CORP-AMORCO FACILITY,CAD000819698,,CLOSED,MARINA VISTA,MARTINEZ,38.033253,-122.14135
IT CORP-OIL REPROCESS FACILITY,CAD000092619, RCRA,CLOSED,E END OF ARTHUR RD,MARTINEZ,38.021589,-122.08024
IT CORPORATION SAN JOSE TRANSFER FACILIT,CAD000633115,,CLOSED,3010 ZANKER RD,SAN JOSE,37.397891,-121.9305
J H BAXTER & CO-WEED,CAD000625731, RCRA,CLOSED,422 MILL STREET,WEED,41.433672,-122.37418
J M EAGLE,CAD056804008,,PROTECTIVE FILER,3500 ROBIN LN,SHINGLE SPRINGS,38.655498,-120.96587
J R SIMPLOT CO,CAD077355378, RCRA,PROTECTIVE FILER,24148 ROBERTSON BLVD,CHOWCHILLA,37.09912,-120.28493
J R SIMPLOT CO - TULARE,CAD046521555,,PROTECTIVE FILER,4295 AVENUE 228,TULARE,36.201744,-119.47757
J R SIMPLOT COMPANY,CAD051903375, RCRA,PROTECTIVE FILER,SIMPLOT SOILBUILDERS @ DIXON,DIXON,38.495669,-121.76688
J R SIMPLOT COMPANY,CAD051183739,,PROTECTIVE FILER,SIMPLOT SOILBUILDERS @ CRTLND,COURTLAND,38.36241,-121.5844
J R SIMPLOT COMPANY - HUGHSON,CAD045022878,,PROTECTIVE FILER,4012 SANTA FE AVE,HUGHSON,37.57951,-120.84969
J R SIMPLOT COMPANY - LATHROP,CAD980814800, RCRA,UNDERGOING CLOSURE,16777 HOWLAND AVE,LATHROP,37.807393,-121.27672
J&B REFINING DBA J&B ENTERPRISES,CAD982052797, STANDARDIZED,OPERATING PERMIT,1650 RUSSELL AVE,SANTA CLARA,37.38691,-121.95662
J&B REFINING DBA J&B ENTERPRISES,CAD069138899, STANDARDIZED,CLOSED,342 LAURELWOOD RD,SANTA CLARA,37.382756,-121.93854
J.R. SIMPLOT CO - WINTON,CAD029659224, RCRA,PROTECTIVE FILER,6245 N WINTON WY,WINTON,37.378029,-120.61532
J.R. SIMPLOT CO. - GUADALUPE,CAD020163325,,PROTECTIVE FILER,312 GUADALUPE ST,GUADALUPE,34.962613,-120.57372
J.R. SIMPLOT CO. GARZOLI,CAD063829675,,PROTECTIVE FILER,11610 GARZOLI AVE,DELANO,35.729133,-119.23994
JAIN IRRIGATION INC,CAD009158411,,PROTECTIVE FILER,2851 E FLORENCE AVE,FRESNO,36.718729,-119.77601
JCI JONES CHEMICALS INC,CAD008352205,,PROTECTIVE FILER,1401 DEL AMO BLVD,TORRANCE,33.847946,-118.30264
JENNINGS TECHNOLOGY,CAD001216548,,CLOSED,970 MCLAUGHLIN AVE,SAN JOSE,37.335356,-121.85489
JOHN SMITH ROAD LANDFILL,CAD990665432, RCRA,POST CLOSURE PERMIT,2650 JOHN SMITH RD,HOLLISTER,36.823642,-121.32666
JOHNSON CONTROLS BATTERY GROUP INC,CAD008323388, RCRA,CLOSED,1550 E KIMBERLY AVE,FULLERTON,33.862957,-117.90099
KAISER PERMANENTE BERKELEY REGIONAL LAB - 1705,CAD983600339, LOWER TIER,CLOSED,1705 EASTSHORE HWY,BERKELEY,37.870702,-122.30432
KAISER VENTURES INC,CAD008274938, RCRA,POST CLOSURE PERMIT,9400 CHERRY AVE,FONTANA,34.075443,-117.50869
KAROLTON ENVELOPE CO./AMERICAN PAD & PAP,CAD053409082,,PROTECTIVE FILER,2660 PORT ST,WEST SACRAMENTO,38.573276,-121.54458
KEARNEY-KPF,CAD981429715, RCRA,POST CLOSURE PERMIT,1624 E ALPINE AVE,STOCKTON,37.983816,-121.2818
KEMWATER NORTH AMERICA,CAD000626572, RCRA,PROTECTIVE FILER,LOVERIDGE ROAD & PITTS-ANT HGY,PITTSBURG,38.015019,-121.86002
KENNEDY CO,CAD000062729,,CLOSED,1600 SOUTH SHAMROCK AVE.,MONROVIA,34.134122,-117.99056
KERECMAN X RAY,CAD982513814, STANDARDIZED ISD,CLOSED,5820 ROBERTSON BLVD,CARMICHAEL,38.619966,-121.32931
KERN CO AGRICUL. COMMIS. OFFICE,CAX000122275,,PROTECTIVE FILER,2610 M STREET,BAKERSFIELD,35.382958,-119.01521
KIM LIGHTING,CAD128298254, RCRA,CLOSED,16555 E GALE AVE,CITY OF INDUSTRY,34.005739,-117.94544
KINDER MORGAN LIQUID TERMINALS LLC,CAD010715837, RCRA,CLOSED,2000 E SEPULVEDA BLVD,CARSON,33.806841,-118.23229
KINSBURSKY BROTHERS SUPPLY INC,CAD088504881, RCRA,OPERATING PERMIT,1314 N ANAHEIM BLVD,ANAHEIM,33.852912,-117.91969
KOPPERS COMPANY INC,CAT000617324, RCRA,CLOSED,12200 AIRPORT DRIVE,ONTARIO,34.062745,-117.53688
KW PLASTICS OF CALIFORNIA,CAD982435026, RCRA,UNDERGOING CLOSURE,1861 SUNNYSIDE CT,BAKERSFIELD,35.42735,-119.05919
KYOCERA INTERNATIONAL INC,CAD047896097, LOWER TIER,CLOSED,8611 BALBOA AVE,SAN DIEGO,32.820012,-117.1421
L & D DEVELOPMENT INC,CAD009114240,,PROTECTIVE FILER,220 S LINDEN AVE,SOUTH SAN FRANCISCO,37.641277,-122.41244
L-3 INTERSTATE ELECTRONICS CORPORATION,CAD008289043,,PROTECTIVE FILER,707 E VERMONT AVE,ANAHEIM,33.824953,-117.90229
"L-3 TECHNOLOGIES, INC., DBA ELECTRON DEVICE DIVISION",CAD056160336,,PROTECTIVE FILER,960 INDUSTRIAL RD,SAN CARLOS,37.50453,-122.24985
LA DEPARTMENT WATER & POWER,CAD000633008,,PROTECTIVE FILER,12700 VISTA DEL MAR,PLAYA DEL REY,33.917734,-118.42837
LA DEPARTMENT WATER & POWER,CAD980737571, RCRA,CLOSED,14453 OXNARD ST,VAN NUYS,34.179734,-118.44809
LA DEPARTMENT WATER & POWER,CAD000633123,,PROTECTIVE FILER,11791 TRUESDALE ST,SUN VALLEY,34.248037,-118.38818
LA POSTA RECYCLING CENTER INC,CAD983591660, RCRA,CLOSED,RESRVTN LA POSTA MSSN INDIANS,BOULEVARD,32.696101,-116.51232
LAIDLAW ENVIRONMENTAL SERVICES,CAD089864805, RCRA,CLOSED,7004 GAS COMPANY RD,TAFT,35.138444,-119.41316
LAIDLAW ENVIRONMENTAL SERVICES,CAD029654894, RCRA,CLOSED,221 E D ST,WILMINGTON,33.774541,-118.25989
LAIDLAW ENVIRONMENTAL SERVICES CA INC,CAT080034184, LOWER TIER,CLOSED,1369 W 9TH ST,UPLAND,34.09632,-117.6753
LAIDLAW ENVIRONMENTAL SVCS OF CA INC,CAD000083121,,CLOSED,1301 GERVAIS ST STE 300,COLUMBIA,38.005724,-122.0896
LAKELAND DEVELOPMENT COMPANY,CAD008383291,,CLOSED,12345 LAKELAND RD,SANTA FE SPRINGS,33.932082,-118.06741
"LANXESS SOLUTIONS US, INC.",CAT080018658, RCRA,CLOSED,4100 AIRPORT DR,BAKERSFIELD,35.443398,-119.03643
LAWRENCE BERKELEY NATIONAL LABORATORY,CA4890008986, RCRA,PERMITTED NOT CONSTRUCTED,1 CYCLOTRON RD,BERKELEY,37.877063,-122.24035
LAWRENCE LIVERMORE NATIONAL LABORATORY,CA2890012584, RCRA,OPERATING PERMIT,7000 EAST AVE,LIVERMORE,37.680332,-121.70539
LAWRENCE LIVERMORE NATIONAL LABORATORY - SITE 300,CA2890090002, RCRA,OPERATING PERMIT,CORRAL HOLLOW RD,TRACY,37.662679,-121.53997
LEACH OIL COMPANY INC.,CAD050099696,,UNDERGOING CLOSURE,625 E COMPTON BLVD,RANCHO DOMINGUEZ,33.894321,-118.2634
LIGHT METALS INC,CAD054846670,,PROTECTIVE FILER,13329 ECTOR STREET,CITY OF INDUSTRY,34.056486,-117.98763
LIGHTING RESOURCES LLC,CAL000827758, STANDARDIZED,CLOSED,805 E FRANCIS ST,ONTARIO,34.041742,-117.63936
LIGHTING RESOURCES LLC,CAR000156125, STANDARDIZED,OPERATING PERMIT,805 FRANCIS ST,ONTARIO,34.041742,-117.63936
LILLY INDUSTRIES INC,CAD000096305, RCRA,CLOSED,9845 MILLER WAY,SOUTH GATE,33.941753,-118.16852
LIQUID CHEMICAL,CAD990769465,,UNDERGOING CLOSURE,10585 INDUSTRIAL AVE,HANFORD,36.277244,-119.64708
LIQUID GOLD OIL CORP,CAT080013923, RCRA,CLOSED,1696 MARTINEZ ST,SAN LEANDRO,37.719192,-122.15949
LIQUID GOLD OIL CORP,CAT000646208,,PROTECTIVE FILER,HOFFMAN BLVD & S 47TH ST,RICHMOND,37.908256,-122.32608
LIQUID WASTE MANAGEMENT INC,CAD980636831, RCRA,CLOSED,56533 HWY 58 W,MCKITTRICK,35.290871,-119.63168
LOCKHEED MARTIN CORPORATION,CAD045256187, RCRA,CLOSED,1705 VICTORY PL,BURBANK,34.191172,-118.32849
LOCKHEED MARTIN SPACE SYSTEMS CO,CAD009129354,,CLOSED,3251 HANOVER ST,PALO ALTO,37.410325,-122.14496
LOCKHEED MARTIN SPACE SYSTEMS CO,CAD009125535, RCRA,CLOSED,1111 LOCKHEED WAY,SUNNYVALE,37.415934,-122.03563
LONZA INC,CAD070635669,,PROTECTIVE FILER,2031 E 65TH ST,LOS ANGELES,33.980792,-118.23652
LORAL AEROSPACE CORPORATION,CAD041330077,,CLOSED,1000 FORD RD,NEWPORT BEACH,33.628379,-117.86053
LOS ANGELES CTY AGRICULTURAL COMMISSION,CAD000626077, RCRA,CLOSED,8841 E SLAUSON AVE,PICO RIVERA,33.971814,-118.10719
LUBRICATION CO OF AMERICA,CAD981633027, RCRA,CLOSED,4214 E PACIFIC WAY,LOS ANGELES,34.008174,-118.18483
LUBRICATION CO OF AMERICA,CAD981633084, RCRA,CLOSED,4212 E PACIFIC WAY,LOS ANGELES,34.008255,-118.18495
LUBRICATION COMPANY OF AMERICA,CAD008247629, RCRA,UNDERGOING CLOSURE,12500 LANG STATION RD,LOS ANGELES,34.431248,-118.37755
LUMIDOR MANUFACTURING COMPANY,CAD008256208,,PROTECTIVE FILER,4770 E 50TH ST,LOS ANGELES,33.995988,-118.19185
MACDERMID INC,CAD010707222, RCRA,CLOSED,5439 SAN FERNANDO RD WEST,LOS ANGELES,34.152017,-118.27593
MAGNA CORPORATION ACROLEIN PLANT,CAT000618728, RCRA,CLOSED,GOSFORD AND PACHECO ROADS,BAKERSFIELD,35.310467,-119.09595
MAIN STREET CENTER,CAD000633305, RCRA,UNDERGOING CLOSURE,1630 N MAIN ST STE 16,LOS ANGELES,34.06596,-118.22891
MARLEY COOLING TOWER CO STOCKTON PLANT,CAD009140120,,CLOSED,150 NORTH SINCLAIR AVENUE,STOCKTON,37.966248,-121.23404
MARQUARDT CO THE,CAD044696102, RCRA,UNDERGOING CLOSURE,16555 SATICOY STREET,VAN NUYS,34.209199,-118.49333
MARTINEZ REFINING COMPANY LLC,CAD009164021, RCRA,OPERATING PERMIT,3485 PACHECO BLVD,MARTINEZ,38.013117,-122.10575
MARVIN ELECTRIC MFG CO INC,CAD055747729, RCRA INTERIM STATUS PERMIT,CLOSED,6100 S WILMINGTON AVE,LOS ANGELES,33.951566,-118.23894
MASTER WASH PRODUCTS INC,CAD981979446, RCRA,CLOSED,8122 ALAMEDA ST,HUNTINGTON PARK,33.965085,-118.23214
"MATHESON TRI-GAS, INC.",CAD053046959,,PROTECTIVE FILER,6775 CENTRAL AVE,NEWARK,37.526638,-122.02854
MATHESON TRIGAS,CAD050758168,,PROTECTIVE FILER,8800 UTICA AVE,CUCAMONGA,34.094097,-117.57358
MATTS X-RAY SERVICE,CAL000827742, STANDARDIZED,CLOSED,5135 TRAFFIC WAY,ATASCADERO,35.501308,-120.66493
MAX MACHINERY INC,CAD068879642, RCRA,CLOSED,33 HEALDSBURG AVE,HEALDSBURG,38.603286,-122.86368
MAXIM INTEGRATED PRODUCTS INC,CAD000625905,,PROTECTIVE FILER,477 NO MATHILDA AVE,SUNNYVALE,37.388818,-122.03181
MCB CAMP PENDLETON;ENVIRONMENTAL SECURITY,CA2170023533, RCRA,CLOSED,22165 CAMP PENDLETON,CAMP PENDLETON,33.374009,-117.43759
MCCORMICK AND BAXTER CREOSOTING CO,CAD009106527,,CLOSED,1214 W WASHINGTON ST,STOCKTON,37.948352,-121.30983
MCGRAW-EDISON POWER SYSTEMS GROUP,CAD009122235, RCRA,CLOSED,7533 AVENUE 304,VISALIA,36.341511,-119.40406
MCKESSON CHEMICAL COMPANY,CAD061601019, RCRA,CLOSED,1302 INDUSTRIAL DRIVE,TUSTIN,33.720965,-117.83135
MCKESSON CORPORATION,CAD060395753,,CLOSED,9005 SORENSEN AVE,SANTA FE SPRINGS,33.957921,-118.06291
MCKESSON CORPORATION,CAD073934903,,CLOSED,33950 SEVENTH ST,UNION CITY,37.597125,-122.01589
"MEMOTRONICS,INC",CAD063532816,,CLOSED,1058 W EVELYN,SUNNYVALE,37.383554,-122.04758
MERCURY RECOVERY SERVICES,CAL000043715, STANDARDIZED,CLOSED,2021 S MYRTLE,MONROVIA,34.127999,-118.00215
MERCURY RECOVERY SERVICES INC,CAR000000489, STANDARDIZED,CLOSED,813 TOWNE CENTER DR,POMONA,34.092992,-117.73575
MERCURY TECHNOLOGIES INC,CAD981641319, RCRA,CLOSED,PIER 33 N,SAN FRANCISCO,37.616519,-122.05406
MERRY X-RAY CHEMICAL CORPORATION,CAL000051063, STANDARDIZED,CLOSED,1130 N CITRUS AVE,ORANGE,33.806661,-117.86331
MERRY X-RAY CHEMICAL CORPORATION,CAL000100189, STANDARDIZED,CLOSED,1045 W NATIONAL DR,SACRAMENTO,38.649621,-121.48803
MERRY X-RAY CHEMICAL CORPORATION,CAL000051065, STANDARDIZED,CLOSED,131 S MAPLE AVE STE 1,SOUTH SAN FRANCISCO,37.64843,-122.41408
MERRY X-RAY CHEMICAL CORPORATION,CAD982510281, STANDARDIZED,CLOSED,711 SAN JUAN AVE,STOCKTON,37.955042,-121.32124
MERRY X-RAY CHEMICAL CORPORATION,CAL000051064, STANDARDIZED,CLOSED,340 MIRA LOMA AVENUE,GLENDALE,34.123388,-118.25699
MERRY X-RAY CHEMICAL CORPORATION,CAD982049306, STANDARDIZED,CLOSED,4444 B VIEWRIDGE AVENUE,SAN DIEGO,32.821847,-117.12557
MET LABORATORIES,CAD980892533, RCRA,CLOSED,33439 WESTERN AVE,UNION CITY,37.594934,-122.03419
METECH RECYCLING INC,CAD077182293, STANDARDIZED,CLOSED,6200 ENGEL WAY,GILROY,36.99016,-121.55401
MICREL INC,CAD056366289,,PROTECTIVE FILER,1849 FORTUNE DRIVE,SAN JOSE,37.400936,-121.89542
MICROCHIP TECHNOLOGY INC.,CAD009111444, RCRA,CLOSED,1300 TERRA BELLA AVE,MOUNTAIN VIEW,37.410326,-122.08099
MICRODOT DIV OF KAYNAR TECH INC,CAT080011000,,PROTECTIVE FILER,190 W CROWTHER AVE,PLACENTIA,33.867179,-117.87229
MIDLAND ROSS/METAL FRAMING DIV,CAD000098806,,PROTECTIVE FILER,845 EMBARCADERO ST,OAKLAND,37.788844,-122.25684
MIDS X RAY/LOUIS USED FIXER,CAD982429144, STANDARDIZED,CLOSED,150 GOBLE LANE,SAN JOSE,37.308738,-121.87891
MODESTO ENERGY LP,CAD982029969, VARIANCE,CLOSED,4549 INGRAM CREEK RD,WESTLEY,37.53951,-121.26885
MONITOR POLISHING & PLATING,CAD066233834, RCRA,UNDERGOING CLOSURE,390 S PASADENA AVE,PASADENA,34.13909,-118.15409
MONTEZUMA HILLS FACILITY,CAD079089512, RCRA,POST CLOSURE ORDER PERMIT,LITTLE HONKER BAY RD & COLLINS,FAIRFIELD,38.183767,-121.84342
MOYNO OILFIELD PRODUCTS,CAD096238472, RCRA,CLOSED,2100 HUNTINGTON DR,FAIRFIELD,38.273469,-121.98413
MP MINING OPERATIONS LLC,CAD009539321, RCRA,CLOSED,67750 BAILEY RD,MOUNTAIN PASS,35.473512,-115.52853
MSC PINOLE POINT STEEL INC,CAT080012354,,CLOSED,5000 GIANT RD,RICHMOND,37.984526,-122.35205
"MSE TECHNOLOGIES , LLC",CAD062062435,,CLOSED,8201 WOODLEY AVE,VAN NUYS,34.21967,-118.48601
MULTIWIRE WEST,CAD086586682,,PROTECTIVE FILER,3901 E. LA PALMA AVE.,ANAHEIM,33.856518,-117.83365
NALCO CHAMPION-CARSON PLANT 0111,CAD083914911, RCRA,CLOSED,2111 EAST DOMINGUEZ ST,LONG BEACH,33.840282,-118.23095
NASA ARMSTRONG FLIGHT RESEARCH CENTER,CA9800005036, RCRA,CLOSED,BLDG 4800 EDWARDS AFB,EDWARDS AFB,34.962557,-117.88495
NASA JET PROPULSION LAB,CA2570090512, RCRA,CLOSED,"NORTH BASE RD, EDWARDS AFB",EDWARDS,35.000057,-117.86756
NATIONAL AERONAUTICS AND SPACE ADMINISTRATION SANTA SUSANA FIELD LAB,CA1800090010, RCRA,POST CLOSURE PERMIT,5800 WOOLSEY CANYON RD,CANOGA PARK,34.232776,-118.69851
NATIONAL CEMENT CO,CAD982444887, RCRA,CLOSED,5 MI EAST OF I-5 OFF HWY 138,LEBEC,34.761044,-118.8134
NATIONAL PARK SERVICE YOSEMITE NATIONAL PARK,CA5141790118, RCRA,CLOSED,5083 FORESTA ROAD,EL PORTAL,37.669669,-119.81447
NATIONAL SEMICONDUCTOR CORP HAWTHORNE,CAD097476709, LOWER TIER,CLOSED,12525 CHADRON AVE,HAWTHORNE,33.918666,-118.3302
NAVAL AIR STATION NORTH ISLAND (NASNI) HAZARDOUS WASTE FACILITY,CA7170090016, RCRA,OPERATING PERMIT,BUILDING 1606,SAN DIEGO,32.701238,-117.20151
NAVAL AIR WEAPONS STATION CHINA LAKE,CA2170023152, RCRA,OPERATING PERMIT,1 ADMINISTRATION CIR,CHINA LAKE,35.650486,-117.66412
NAVAL BASE CORONADO MIXED WASTE STORAGE FACILITY,CAR000019430, RCRA,OPERATING PERMIT,NASNI BLDG 74,SAN DIEGO,32.713387,-117.19349
NAVAL BASE VENTURA COUNTY,CA6170023323, RCRA,CLOSED,1428 TOLEADO RD,PORT HUENEME,34.144449,-119.21621
NAVAL OUTLYING LANDING FIELD IMPERIAL BEACH,CA4170023788,,CLOSED,NCQC-1 BLDG 170,SAN DIEGO,32.704775,-117.21828
NAVAL STATION SAN DIEGO,CA6170024289, RCRA,OPERATING PERMIT,BLDG 3458 NAVAL STATION,SAN DIEGO,32.664962,-117.11695
NAVAL WEAPONS STATION SEAL BEACH,CA0170024491, RCRA,CLOSED,800 SEAL BEACH BLVD CODE 045,SEAL BEACH,33.742358,-118.09434
NAVCOMTELSTA SAN DIEGO DET STOCKTON CA,CA2170024382, RCRA,CLOSED,305 FYFFE AVE/CODE 43,STOCKTON,37.948083,-121.34015
NAVY BRAC PMO-W (ALAMEDA PT),CA2170023236, RCRA,CLOSED,WEST END CITY OF ALAMEDA,ALAMEDA,33.374009,-117.43759
NAVY BRAC PMO-W (CONCORD),CA7170024528, RCRA,CLOSED,10 DELTA ST,CONCORD,38.015008,-122.00867
NAVY BRAC PMO-W (MI),CA7170024775, RCRA,UNDERGOING CLOSURE,WEST END OF TENNESSEE ST,VALLEJO,38.09616,-122.2767
NCR CORP,CAD043651371,,CLOSED,16550 W BERNARDO DR,SAN DIEGO,33.016158,-117.08678
NELSON NAME PLATE CO,CAD008329963, RCRA,CLOSED,3191 CASITAS AVE,LOS ANGELES,34.114672,-118.24985
"NEW CURE, INC.",CAT080012024, RCRA,UNDERGOING CLOSURE,900 POTRERO GRANDE DR,MONTEREY PARK,34.034238,-118.11247
NI IND NORRIS DIV,CAR000006205, RCRA,CLOSED,5215 S BOYLE AVE,VERNON,33.995189,-118.21331
NIKLOR CHEMICAL CO INC,CAD008392052,,PROTECTIVE FILER,2060 E 220TH ST,LONG BEACH,33.827509,-118.23711
NORAC PHARMA,CAD008352957, RCRA,CLOSED,405 S MOTOR AVE,AZUSA,34.116124,-117.93529
NORTH AMERICAN CAR CORPORATION,CAD091927095,,PROTECTIVE FILER,3401 ETIWANDA AVENUE,MIRA LOMA,34.024496,-117.52558
NORTH AMERICAN ENVIRON CO,CAD980665947,,CLOSED,217 N LAGOON AVE,WILMINGTON,33.77151,-118.26736
NORTHROP ARCHITECTURAL SYS (H.H. ROBERTS,CAD008246027, RCRA,UNDERGOING CLOSURE,999 S HATCHER AVE,CITY OF INDUSTRY,34.004624,-117.92328
NORTHROP CORP-AIRCRAFT DIV,CAD009687336, RCRA,PROTECTIVE FILER,2031 E MARIPOSA AVE,EL SEGUNDO,33.924835,-118.39084
NORTHROP CORP-AIRCRAFT DIV,CAD000627463,,PROTECTIVE FILER,19200 SO WESTERN AVE,TORRANCE,33.85455,-118.30717
NORTHROP CORP. AIRCRAFT DIV.,CAD980665582, RCRA,CLOSED,20700 DENKER AVE,LOS ANGELES,33.842962,-118.30343
NORTHROP CORP/AIRCRAFT DIV,CAD000627513,,PROTECTIVE FILER,12921 SO CRENSHAW,HAWTHORNE,33.914549,-118.32706
NORTHROP CORP/AIRCRAFT DIV,CAD000627406, RCRA,CLOSED,540 HAWAII AVE,TORRANCE,33.841217,-118.33618
NORTHROP CORP/AIRCRAFT DIV,CAD000627216, RCRA,CLOSED,2043 E MARIPOSA AVE,EL SEGUNDO,33.924676,-118.38955
NORTHROP CORPORATION,CAD059818120,,PROTECTIVE FILER,BLDG 1864 FORBES AVE,EDWARDS AIR FORCE BA,34.951574,-117.88994
NORTHROP CORPORATION AIRCRAFT DIV,CAD075305888,,PROTECTIVE FILER,2503 E AVENUE P,PALMDALE,34.602792,-118.08634
NORTHROP CORPORATION AIRCRAFT DIVISION,CAD000627877, RCRA,PROTECTIVE FILER,4030 FREEMAN BLVD,REDONDO BEACH,33.893298,-118.37
NORTHROP CORPORATION AIRCRAFT DIVISION,CAD000627398,,CLOSED,14525 OCEANGATE,HAWTHORNE,33.899775,-118.3673
NORTHROP CORPORATION AIRCRAFT DIVISION,CAD000627455,,PROTECTIVE FILER,12540 SOUTH CRENSHAW,HAWTHORNE,33.918384,-118.32625
NORTHROP CORPORATION AIRCRAFT DIVISION,CAD000627521,,PROTECTIVE FILER,9920 LA CIENEGA BLVD,INGLEWOOD,33.945688,-118.37002
NORTHROP CORPORATION AIRCRAFT DIVISION,CAD000627638, RCRA,PROTECTIVE FILER,2815 W EL SEGUNDO,HAWTHORNE,33.918,-118.32476
NORTHROP CORPORATION ELECTRONICS DIV.,CAD000627331,,PROTECTIVE FILER,13215 S WESTERN AVENUE,GARDENA,33.912325,-118.30977
NORTHROP GRUMMAN CORP (AG),CAD000627752, RCRA,CLOSED,3201 W 131ST ST,HAWTHORNE,33.913853,-118.32858
NORTHROP GRUMMAN CORP (AP),CAD980880959, RCRA,CLOSED,12606 CERISE AVE.,HAWTHORNE,33.917313,-118.33197
NORTHROP GRUMMAN CORP (EC),CAD008268302, RCRA,CLOSED,1 JACK NORTHROP AVE,HAWTHORNE,33.924843,-118.34035
NORTHROP GRUMMAN CORPORATION (AE),CAD000627695,,PROTECTIVE FILER,3133 W 131ST ST,HAWTHORNE,33.914169,-118.32729
NORTHROP GRUMMAN CORPORATION (K1),CAD000627281,,CLOSED,2135 DOMINGUEZ AVE,TORRANCE,33.841177,-118.32026
NORTHROP GRUMMAN CORPORATION (K3),CAD000627349, RCRA,CLOSED,2203 DOMINGUEZ AVE,TORRANCE,33.840787,-118.32261
NORTHROP GRUMMAN EL SEGUNDO,CAD000627273, RCRA,CLOSED,1 HORNET WAY,EL SEGUNDO,33.923758,-118.38029
NORTHROP GRUMMAN S&MSC,CAD981574171, RCRA,CLOSED,ONE SPACE PARK BLVD,REDONDO BEACH,33.891791,-118.37314
NORTHROP GRUMMAN SPACE & MISSION SYSTEMS,CAD008324949, RCRA,CLOSED,3301 AVIATION BLVD,MANHATTAN BEACH,33.89939,-118.38072
"NUTRIEN AG SOLUTIONS, INC.",CAT000611251, STATE ONLY,CLOSED,3201 AVENUE 54,ALPAUGH,35.886039,-119.50203
O'BRIEN CORPORATION THE,CAD005130455, RCRA,CLOSED,450 EAST GRAND AVENUE,SOUTH SAN FRANCISCO,37.652085,-122.3824
OAKLAND SCAVENGER CO ALTAMONT LANDFILL,CAT080010770,,PROTECTIVE FILER,10840 ALTAMONT PASS ROAD,LIVERMORE,37.749238,-121.64977
OCCIDENTAL CHEMICAL CORP.,CAD009184508, RCRA,UNDERGOING CLOSURE,16777 HOWLAND RD,LATHROP,37.807393,-121.27672
OIL CONSERVATION SERVICE,CAD980673842, STANDARDIZED,UNDERGOING CLOSURE,3256 N MARKS AVE,FRESNO,36.783757,-119.84391
OLIN CORPORATION,CAD009702564, RCRA,CLOSED,BLDG 68 BENICIA INDUSTRIAL PK,BENICIA,38.044919,-122.13663
OLIN HUNT SPECIALTY PRODUCTS INC,CAD009552944, RCRA,CLOSED,4265-A CHARTER STREET,LOS ANGELES,34.004267,-118.2014
OMEGA CHEMICAL SITE PRP ORGANIZED GROUP,CAD042245001, RCRA,UNDERGOING CLOSURE,12504 & 12512 E WHITTIER BLVD,WHITTIER,33.970449,-118.04351
OMEGA ENERGY CORP,CAD981577661, RCRA,CLOSED,ST RT 33 1/2 MI SO OF MARICOPA,MARICOPA,33.970449,-118.04351
ORANGE PRECISION CIRCUITS,CAD097577035, RCRA INTERIM STATUS PERMIT,CLOSED,812 SOUTHERN AVE,ORANGE,33.825127,-117.86084
ORD MILITARY COMMUNITY,CA7210020676, RCRA,CLOSED,BLDG 4495 JOE LLOYD WAY,MONTEREY,36.608295,-121.79272
ORGANON TEKNIKA CORP CHATSWORTH DIVISION,CAD084698141,,PROTECTIVE FILER,9556 COZYCROFT AVE.,CHATSWORTH,34.244335,-118.58143
OWENS BROCKWAY GLASS CONTAINER INC,CAD051903847, RCRA,CLOSED,22302 HATHAWAY AVE,HAYWARD,37.669799,-122.10528
OWENS-CORNING FIBERGLAS CORP,CAT000613539,,CLOSED,2600 PEGASUS ROAD,BAKERSFIELD,35.429818,-119.06148
OXY METAL INDUSTRIAL CORP.,CAD060754231, RCRA,CLOSED,5640 KNOTT AVE,BUENA PARK,33.878854,-118.01074
OXYCHEM STOCKTON,CAD029488640,,PROTECTIVE FILER,1904 W CHARTER WAY,STOCKTON,37.930513,-121.31609
P KAY METAL INC,CAL000024110, STANDARDIZED,OPERATING PERMIT,2448 E 25TH ST,LOS ANGELES,34.015046,-118.22843
PAC SCI QUANTIC LLC,CAD981368392,,CLOSED,2751 SAN JUAN RD,HOLLISTER,36.847099,-121.43976
PACCAR INC,CAD009120734, RCRA,CLOSED,38801 CHERRY STREET,NEWARK,37.521878,-122.01438
PACIFIC GAS & ELECTRIC/ DIABLO CANYON,CAD077966349, RCRA,OPERATING PERMIT,3890 AVILA BEACH,AVILA BEACH,35.209516,-120.85294
PACIFIC GAS & ELECTRIC/ HUMBOLDT BAY POWER PLANT,CAT080011562, VARIANCE,CLOSED,1000 KING SALMON AVE,EUREKA,40.742044,-124.21114
PACIFIC GAS & ELECTRIC/ MOSS LANDING SWITCHYARD,CAD983639758, RCRA,CLOSED,HWY 1 AT DOLAN RD,MOSS LANDING,36.868958,-121.78485
PACIFIC GAS & ELECTRIC/ TOPOCK COMPRESSOR STATION,CAT080011729, RCRA,CLOSED,15 MI E NEEDLES ON I 40,NEEDLES,34.716675,-114.49246
PACIFIC RESOURCE RECOVERY SERVICES INC,CAD008252405, RCRA,OPERATING PERMIT,3150 E PICO BLVD,LOS ANGELES,34.017892,-118.21204
PACIFIC RIM PACKAGING CORP,CAD009105750,,PROTECTIVE FILER,801 CHESLEY AVE,RICHMOND,37.956597,-122.3612
PACIFIC SCIENTIFIC ENERGETIC MATERIALS CO,CAD009220898, RCRA,OPERATING PERMIT,3601 UNION RD,HOLLISTER,36.836389,-121.45118
PACIFIC TREATMENT CORP,CAD095894556, RCRA,CLOSED,2146 MAIN ST,SAN DIEGO,32.696453,-117.14232
PACIFIC TREATMENT CORP,CAD098240062, RCRA,CLOSED,1668 NATIONAL AVE,SAN DIEGO,32.703515,-117.14897
PALM ENTERPRIESES TREATING,CAD982003832, RCRA,CLOSED,NAVAL WEAPON STATION,FALLBROOK,33.368083,-117.25808
PANOCHE FACILITY,CAD000060012, RCRA,POST CLOSURE ORDER PERMIT,LAKE HERMAN RD,BENICIA,38.09164,-122.1293
PEPPER OIL CO INC,CAT000613547,,UNDERGOING CLOSURE,2300 TIDELANDS AVE,NATIONAL CITY,32.659118,-117.11534
PETE'S METAL RECLAMATION,CAD981685472,,KNOWN GENERATORS,11784 SHELDON ST #4,SUN VALLEY,34.242004,-118.38905
PETROLITE CORP/TRETOLITE DIV,CAD008324360,,PROTECTIVE FILER,200 SO PUENTE ST,BREA,33.920331,-117.9134
PHIBRO-TECH INC,CAD008488025, RCRA,OPERATING PERMIT,8851 DICE RD,SANTA FE SPRINGS,33.959627,-118.06756
"PHIBRO-TECH, INC",CAD981160948, RCRA,CLOSED,34400 ZWISSIG WAY,UNION CITY,37.591088,-122.01137
PHILIP WEST INDUSTRIAL SERVICES,CAD981685886,,CLOSED,2222 E SEPULVEDA,CARSON,33.804198,-118.22582
PHILIPS SEMICONDUCTORS,CAD070466479, RCRA,CLOSED,811 E ARQUES AVE,SUNNYVALE,37.381904,-122.01067
PHILIPS SEMICONDUCTORS,CAT000614073,,CLOSED,730 EVELYN,SUNNYVALE,37.370463,-122.01691
PHILIPS SEMICONDUCTORS,CAD981408685, RCRA,CLOSED,740 KIFER RD,SUNNYVALE,37.375254,-122.01624
PHILLIPS 66 CO LOS ANGELES REFINERY - WILMINGTON PLANT,CAD008237679, RCRA,POST CLOSURE PERMIT,1660 W ANAHEIM ST,WILMINGTON,33.776935,-118.28872
PHILLIPS 66 CO LOS ANGELES REFINERY CARSON PLANT,CAD980881676, RCRA,POST CLOSURE PERMIT,1520 E SEPULVEDA BLVD,CARSON,33.804001,-118.2436
PHILLIPS 66 COMPANY - SAN FRANCISCO REFINERY,CAD009108705, RCRA,POST CLOSURE PERMIT,1380 SAN PABLO AVE,RODEO,38.045859,-122.25858
PHILLIPS 66 SANTA MARIA REFINERY,CAT080010796, RCRA,CLOSED,2555 WILLOW RD ROUTE 3,ARROYO GRANDE,35.047975,-120.59178
PHOTO WASTE RECYCLING,CAD981161367, VARIANCE,CLOSED,"200 GATE 5 ROAD, #115",SAUSALITO,37.870179,-122.50124
PHOTO WASTE RECYCLING CO. INC.,CAL000121946, STANDARDIZED,CLOSED,2980 KERNER BLVD,SAN RAFAEL,37.955388,-122.49741
PHOTRONICS INC,CAD050518976, LOWER TIER,CLOSED,695 VAQUEROS AVE,SUNNYVALE,37.394816,-122.03186
"PIONEER ROOFING TILE, INC.",CAD981445422, RCRA,CLOSED,10650 POPLAR AVE,FONTANA,34.060253,-117.46366
PITTSBURG GENERATING STATION,CAT080011695, RCRA,CLOSED,696 W 10TH ST,PITTSBURG,38.029453,-121.89848
POINT LOMA COMPLEX (NAVAL SUBMARINE BASE),CA1170090020, RCRA,CLOSED,140 SYLVESTER RD BLDG 375,SAN DIEGO,32.688981,-117.24002
POLYNT COMPOSITES USA INC,CAD076180843, RCRA,UNDERGOING CLOSURE,2801 LYNWOOD RD,LYNWOOD,33.926149,-118.22232
PORT OF REDWOOD CITY,CAD043260702, RCRA,CLOSED,475 SEAPORT BLVD,REDWOOD CITY,37.502329,-122.21089
PPG INDUSTRIES INC,CAD008323438, RCRA,CLOSED,465 CRENSHAW BLVD,TORRANCE,33.845051,-118.32884
PPG INDUSTRIES-WORKS 24,CAD030835086,,PROTECTIVE FILER,25663 W AVE STANFORD,VALENCIA,34.432529,-118.58575
PRC PATTERSON INC DBA REFINERY SERVICE,CAL000092456, STANDARDIZED,CLOSED,800 TOWER RD,NAPA,38.211616,-122.26593
"PRC PATTERSON, INC.",CAD083166728, RCRA INTERIM STATUS PERMIT,UNDERGOING CLOSURE,13331 N HWY 33,PATTERSON,37.498738,-121.14913
PROCESS TECHNOLOGY COMPANY/MOBILE UNIT,CAD066568429, STANDARDIZED,UNDERGOING CLOSURE,609 WINDE MERE ISLE,ALAMEDA,37.765017,-122.26667
PROCESSES BY MARTIN INC,CAD059794974, RCRA,UNDERGOING CLOSURE,12150 S ALAMEDA ST,LYNWOOD,33.922545,-118.22164
PROCESSES BY MARTIN INC,CAD008275885, RCRA,UNDERGOING CLOSURE,12150 S ALAMEDA ST,LYNWOOD,33.922321,-118.22126
PROCTER & GAMBLE MANUFACTURING CO,CAD009189457,,PROTECTIVE FILER,8201 FRUITRIDGE RD,SACRAMENTO,38.527278,-121.40502
PURE-ETCH CO,CAD983650490, RCRA,CLOSED,1031 INDUSTRIAL ST,SALINAS,36.660335,-121.63199
QA PROCESSOR SERVICE,CAD983604000, STANDARDIZED ISD,CLOSED,"302 ALABAMA ST, STE8",REDLANDS,34.055847,-117.20703
QUEMETCO INC,CAD066233966, RCRA,OPERATING PERMIT,720 S 7TH AVE,CITY OF INDUSTRY,34.025253,-117.98342
QUICKSILVER PRODUCTS INC,CAD981424732, RCRA,CLOSED,200 VALLEY DR,BRISBANE,37.688016,-122.40339
"RAFIDAIN REFINERY, INC",CAD981382831, RCRA,CLOSED,3060 ROSWELL ST,LOS ANGELES,34.11493,-118.24316
RAINBOW INC,CAD009774118, STANDARDIZED,CLOSED,21119 WILMINGTON AVE,LONG BEACH,33.837458,-118.23838
RAMCAR BATTERIES INC,CAD008330318,,PROTECTIVE FILER,2700 CARRIER AVE,COMMERCE,33.993495,-118.13944
RAMOS ENVIRONMENTAL SERVICES,CAD044003556, STANDARDIZED,OPERATING PERMIT,1515 S RIVER RD,WEST SACRAMENTO,38.569429,-121.52085
RAYTHEON,CAD009205097, LOWER TIER,CLOSED,350 ELLIS ST,MOUNTAIN VIEW,37.397043,-122.05401
RAYTHEON CO,CAT080010853, RCRA,UNDERGOING CLOSURE,2030 MAPLE AVE,EL SEGUNDO,33.926953,-118.39124
RAYTHEON COMPANY,CAD057468944, RCRA,CLOSED,500 SUPERIOR AVE,NEWPORT BEACH,33.629864,-117.92919
RAYTHEON COMPANY,CAT080012867, RCRA,CLOSED,1500 HUGHES WAY,LONG BEACH,33.827287,-118.21239
RAYTHEON COMPANY,CAD000633230, RCRA,UNDERGOING CLOSURE,2000 E EL SEGUNDO BLVD,EL SEGUNDO,33.914198,-118.38924
RAYTHEON EW OPERATIONS,CAD001425206, RCRA,CLOSED,6380 HOLLISTER AVE,GOLETA,34.432944,-119.84628
RAYTHEON SYSTEMS CO,CAD041162124, RCRA,CLOSED,8433 FALLBROOK AVE,CANOGA PARK,34.223541,-118.62362
RAYTHEON SYSTEMS CO,CAD063109243, RCRA,CLOSED,1901 W MALVERN #606,FULLERTON,33.87769,-117.96286
RAYTHEON VISION SYSTEMS,CAD028260297, RCRA,CLOSED,75 COROMAR DR,GOLETA,34.430859,-119.86443
RECOLOGY HAY ROAD,CAD982042475, VARIANCE,CLOSED,6426 HAY RD,VACAVILLE,38.314911,-121.82808
RECOLOGY PACHECO PASS,CAL000153023, RCRA,CLOSED,3675 PACHECO PASS HWY,GILROY,36.997247,-121.47992
REDWOOD CITY SERVICES FACILITY,CAD982052201, RCRA,CLOSED,475 SEAPORT BLVD,REDWOOD CITY,37.501368,-122.21007
REFINERIES SERVICE/BAKERSFIELD,CAD980818645, STANDARDIZED,UNDERGOING CLOSURE,1601 S UNION AVE,BAKERSFIELD,35.335384,-119.0045
REFINERIES SERVICES,CAL000051079, STANDARDIZED,CLOSED,8280 14TH AVE,SACRAMENTO,38.539147,-121.40068
RELIANCE TECHNICAL SERVICES,CAD001938828,,CLOSED,895 KIFER RD,SUNNYVALE,37.37481,-122.01158
RELIANT ENERGY COOLWATER LLC,CAD000630905,,PROTECTIVE FILER,37310 E SANTA FE RD,DAGGETT,34.860264,-116.85503
"REMEDY ENVIRONMENTAL SERVICES, LLC",CAL000200500, STANDARDIZED,CLOSED,3200 FRONTERA ST,ANAHEIM,33.848505,-117.8512
RHO-CHEM LLC,CAD008364432, RCRA,OPERATING PERMIT,425 ISIS AVE,INGLEWOOD,33.957857,-118.37579
RICHARDS W C OF CALIFORNIA,CAD009521618,,PROTECTIVE FILER,1116 NO OLIVE ST,ANAHEIM,33.849287,-117.9134
RIO BRAVO REFINING COMPANY,CAD000629501, RCRA,UNDERGOING CLOSURE,"7TH, STANDARD & BEECH STS",BAKERSFIELD,35.47207,-119.26074
RIVERBANK ARMY AMMUNITION PLANT,CA7210020759, RCRA,CLOSED,5300 CLAUS RD,RIVERBANK,37.715002,-120.92192
ROBERT MFG CO,CAD008371775, RCRA,CLOSED,10667 JERSEY BLVD,RANCHO CUCAMONGA,34.09391,-117.57207
ROCKWELL INT'L CORP/EL SEGUNDO,CAD097855126,,CLOSED,827 N DOUGLAS,EL SEGUNDO,33.92766,-118.38327
ROCKWELL INTERNATIONAL,CAD074144692, RCRA,CLOSED,SITE 3 3000 AVENUE MPLANT 42,PALMDALE,34.638116,-118.07903
ROEHL DISPOSAL SERVICES,CAD980737548, RCRA,CLOSED,131 N MARINE AVE,WILMINGTON,33.770581,-118.26337
ROHM AND HAAS ELECTRONICS MATERIALS,CAD981657919, LOWER TIER,CLOSED,245 SANTA ANA CT,SUNNYVALE,37.378955,-122.01125
ROMIC ENVIRONMENTAL TECHNOLOGIES CORP,CAD056197601,,CLOSED,37445 WILLOW ST,NEWARK,37.519967,-122.05048
SACRAMENTO ARMY DEPOT,CA0210020780, RCRA,CLOSED,8350 FRUITRIDGE RD,SACRAMENTO,38.525185,-121.39576
SAFE-WAY CHEMICAL CO INC,CAD042345884,,CLOSED,664 STOCKTON AVE,SAN JOSE,37.340443,-121.9124
SAFETY KLEEN CORP 7-175-01,CAD980892475,,PROTECTIVE FILER,499 RAVEN STREET,SAN DIEGO,32.710492,-117.10707
SAFETY KLEEN CORP 7178 02,CAD077187888, RCRA,CLOSED,3461 WOODWARD AVE,SANTA CLARA,37.384279,-121.94517
SAFETY KLEEN OF CALIFORNIA SANTA MARIA,CAD982446858, STANDARDIZED,OPERATING PERMIT,745 W BETTERAVIA RD,SANTA MARIA,34.921117,-120.44446
SAFETY SPECIALISTS INC,CAD010917805, RCRA,CLOSED,3060 RAYMOND STREET,SANTA CLARA,37.377337,-121.95302
SAFETY-KLEEN,CAT000613919, RCRA,CLOSED,139 E 157TH ST,GARDENA,33.889591,-118.27493
SAFETY-KLEEN,CAD080916968, RCRA,CLOSED,6306 FEDERAL BLVD,SAN DIEGO,32.729936,-117.06311
SAFETY-KLEEN,CAT000613950, RCRA,CLOSED,2576 MERCANTILE DR,RANCHO CORDOVA,38.608572,-121.25997
SAFETY-KLEEN,CAD066177783, RCRA,CLOSED,3876 FLORISTA ST,LOS ALAMITOS,33.804172,-118.06499
SAFETY-KLEEN,CAD066113465, RCRA,UNDERGOING CLOSURE,3561 S MAPLE AVE,FRESNO,36.682807,-119.74626
SAFETY-KLEEN,CAD053044053, RCRA,CLOSED,400 MARKET ST,OAKLAND,37.800707,-122.2831
SAFETY-KLEEN CORP,CAD070148432, RCRA,CLOSED,1717 FOURTH ST,BERKELEY,37.871629,-122.30061
SAFETY-KLEEN CORP,CAD980894562, RCRA,CLOSED,2750 THOMPSON CREEK RD,POMONA,34.095655,-117.75394
SAFETY-KLEEN CORP (7-177-01),CAT000613984, RCRA,CLOSED,214 EAST MONTECITO ST,SANTA BARBARA,34.41639,-119.69022
SAFETY-KLEEN CORP 7 175 01,CAD982486094, RCRA,CLOSED,W BRADLEY & JOHNSON AVE,EL CAJON,32.817135,-116.9709
SAFETY-KLEEN OF CALIFORNIA INC,CAD980887418, RCRA,OPERATING PERMIT,6880 SMITH AVE,NEWARK,37.520877,-122.02027
SAFETY-KLEEN OF CALIFORNIA INC - CARSON,CAD981696420, STATE ONLY,UNDERGOING CLOSURE,16604 SAN PEDRO ST,CARSON,33.881454,-118.26328
SAFETY-KLEEN OF CALIFORNIA INC - DAVIS,CAD982446874, STANDARDIZED,OPERATING PERMIT,44561 ROAD 30-B,DAVIS,38.573823,-121.68232
SAFETY-KLEEN OF CALIFORNIA INC - FRESNO,CAD982446882, STANDARDIZED,OPERATING PERMIT,4139 N VALENTINE AVE,FRESNO,36.79652,-119.85452
SAFETY-KLEEN SYSTEMS INC,CAT000613976, RCRA,OPERATING PERMIT,2120 S YALE ST,SANTA ANA,33.71893,-117.91719
SAFETY-KLEEN SYSTEMS INC,CAT000613935, RCRA,OPERATING PERMIT,2918 WORTHEN AVE,LOS ANGELES,34.106908,-118.25184
SAFETY-KLEEN SYSTEMS INC,CA0000588350,,KNOWN GENERATORS,2875 S RESERVOIR ST,POMONA,34.02126,-117.73161
SAFETY-KLEEN SYSTEMS INC HIGHLAND SERVICE CENTER,CAT000613927, RCRA,UNDERGOING CLOSURE,7979 PALM AVE #E,HIGHLAND,34.106825,-117.20826
"SAFETY-KLEEN SYSTEMS, INC",CAT000613968, RCRA,CLOSED,5050 SALIDA BLVD,SALIDA,37.71307,-121.0894
"SAFETY-KLEEN SYSTEMS, INC",CAD093459485, RCRA,CLOSED,1000 SOUTH I ST,REEDLEY,36.589377,-119.44721
"SAFETY-KLEEN SYSTEMS, INC",CAD981374077,,CLOSED,5310 OVERPASS RD,SANTA BARBARA,34.439533,-119.809
"SAFETY-KLEEN SYSTEMS, INC",CAT000613943, RCRA,CLOSED,5750 COMMERCE BLVD,ROHNERT PARK,38.355721,-122.71083
"SAFETY-KLEEN SYSTEMS, INC",CAD980817159, RCRA,UNDERGOING CLOSURE,1147 N TENTH ST,SAN JOSE,37.362997,-121.89844
"SAFETY-KLEEN SYSTEMS, INC",CAT000613992,,CLOSED,13024 BRADLEY AVE,SYLMAR,34.306609,-118.46124
"SAFETY-KLEEN SYSTEMS, INC EL MONTE ACCUMULATION CENTER",CAT000613893, RCRA,UNDERGOING CLOSURE,10625 HICKSON ST UNIT A,EL MONTE,34.081454,-118.04109
"SAFETY-KLEEN SYSTEMS,INC.",CA0000084517, RCRA,OPERATING PERMIT,6000 88TH ST,SACRAMENTO,38.516949,-121.37675
SAN BERNARDINO CO DEPART OF AGRICULTURE,CAD000775668,,PROTECTIVE FILER,777 E RIALTO AVE,SAN BERNARDINO,34.100767,-117.27044
SAN BERNARDINO GEN STATION,CAD000631150, RCRA,CLOSED,25770 SAN BERNARDINO AVE,SAN BERNARDINO,34.07866,-117.24177
SAN DIEGO COUNTY DEPT OF AGRICULTURE,CAT000625087, RCRA,CLOSED,5555 OVERLAND AVE BLDG 3,SAN DIEGO,32.83298,-117.12857
SAN DIEGO GAS & ELECTRIC COMPANY,CAD980636682, STANDARDIZED,OPERATING PERMIT,5488 OVERLAND AVE,SAN DIEGO,32.833787,-117.13089
SAN DIEGO GAS & ELECTRIC MIRAMAR,CAD981168107, RCRA,OPERATING PERMIT,6875 CONSOLIDATED WAY SD1373,SAN DIEGO,32.877519,-117.16744
SAN JOAQUIN FILTER RECYCLING,CAL000188148, RCRA,CLOSED,1922 E BELMONT AVE,FRESNO,36.75021,-119.78797
SAN LUIS OBISPO CTY DEPT OF AGRICULTURE,CAT000624213,,PROTECTIVE FILER,COUNTY AIRPORT EDNA RD,SAN LUIS OBISPO,35.321918,-120.72517
SAN MATEO CO AGRICULTURAL COMMISSIONER,CAT000617472,,PROTECTIVE FILER,728 HELLER ST,REDWOOD CITY,37.480396,-122.22136
SANDIA NATIONAL LABORATORIES,CA2890012923, RCRA,OPERATING PERMIT,7011 EAST AVE,LIVERMORE,37.67504,-121.7064
SANDOZ CROP PROTECTION INC,CAD074143777, RCRA,CLOSED,720 5TH ST,WASCO,35.5972,-119.33332
SANTA BARBARA CTY AGRICULTURAL COMM,CAD000775676,,PROTECTIVE FILER,624 WEST FOSTER ROAD,SANTA MARIA,34.882644,-120.44431
SANTA BARBARA RESEARCH CENTER,CAD981385073, RCRA,CLOSED,2100 SO BLOSSER RD,SANTA MARIA,34.921276,-120.45278
SANTA CLARA CITY OF ALEXANDER,CAD982042020, RCRA,CLOSED,3060 RAYMOND ST,SANTA CLARA,37.377181,-121.95328
SANTA CLARITA LLC,CAD064573108," RCRA, RCRA INTERIM STATUS PERMIT",CLOSED,22116 SOLEDAD CANYON RD,SAUGUS,34.414101,-118.51913
SANTA FE ENERGY RESOURCES INC WESTSIDE DISPOSAL FACILITY,CAT008010283, RCRA,CLOSED,SEC 25 T315 R22E,FELLOWS,35.185523,-119.53927
SANTA SUSANA FIELD LABORATORY RMHF,CA3890090001, RCRA,UNDERGOING CLOSURE,5800 WOOLSEY CANYON RD,SIMI VALLEY,34.234359,-118.70919
SARDO & SONS WAREHOUSING INC,CAD983667783, STANDARDIZED,CLOSED,5500 UNION PACIFIC AVE,CITY OF COMMERCE,34.01221,-118.15439
SCE-ALAMITOS,CAD009694795, RCRA,UNDERGOING CLOSURE,692 N STUDEBAKER ROAD,LONG BEACH,33.766953,-118.10174
SCHLUMBERGER TECHNOLOGY CORP - FAIRCHILD SYSTEM 3,CAD095989778,,CLOSED,313 FAIRCHILD DR,MOUNTAIN VIEW,37.404428,-122.05608
SEQUOIA & KINGS CANYON NP,CA6141790083, RCRA,CLOSED,ASH MOUNTAIN,THREE RIVERS,36.467494,-118.85727
SERVICE CHEMICAL CO,CAT000612333, RCRA,CLOSED,1341 E MAYWOOD AVE,SANTA ANA,33.716843,-117.85269
SHELL CATALYSTS & TECHNOLOGIES,CAD000094243,,PROTECTIVE FILER,2840 WILLOW PASS ROAD,PITTSBURG,38.028767,-121.94622
SHELL OIL CO BAKERSFIELD PLANT,CAT000603811, STATE ONLY,CLOSED,900 SACRAMENTO ST,BAKERSFIELD,35.380059,-119.00064
SHELL SERVICE STATION,CAD097012298,,CLOSED,101 BERNAL RD,SAN JOSE,37.232332,-121.77298
SHIPLEY COMPANY LLC,CAD001968361, RCRA,CLOSED,642 W NICOLAS AVE,ORANGE,33.799656,-117.86014
SHIPLEY COMPANY LLC,CAD008334260, RCRA,CLOSED,2631 MICHELLE DR,TUSTIN,33.722094,-117.80114
SIEMENS MEDICAL SOLUTIONS USA INC,CAD982507766, LOWER TIER,CLOSED,4040 NELSON AVE,CONCORD,38.007277,-122.04222
SIERRA ARMY DEPOT,CA5210020843, RCRA,CLOSED,COUNTY ROUTE A26,HERLONG,40.207541,-120.12529
SIERRA MEDICAL IMAGING,CAD983661661, STANDARDIZED,CLOSED,4838 W JACQUELYN NO 102,FRESNO,36.815684,-119.88142
SIGNET ARMORLITE INC,CAD008362634, RCRA,CLOSED,1001 ARMORLITE DR,SAN MARCOS,33.145548,-117.18537
"SIGNET OPTICAL, INC.",CAD089730402, RCRA,CLOSED,4740 RUFFNER STREET,SAN DIEGO,32.828067,-117.15896
SIGNETICS CORP,CAT000614016,,CLOSED,4130 SO MARKET CT,SACRAMENTO,38.645024,-121.48107
SIGNETICS CORP,CAT000614107,,PROTECTIVE FILER,1380 KIFER RD,SUNNYVALE,37.373869,-121.99878
SINGER CO LA PERIOD FURNITURE DIV,CAD072300072, RCRA,CLOSED,1838 E SANTA BARBARA AVE,LOS ANGELES,34.188447,-118.23253
SINGER-AMERICAN METER,CAD053844122,,PROTECTIVE FILER,300 N GILBERT AVE,FULLERTON,33.873217,-117.9671
"SMM USA, INC.",CAD982414146, RCRA,CLOSED,4055 CALLE PLATINO,OCEANSIDE,33.205633,-117.29407
SMUD/CORP YARD,CAD000625939,,PROTECTIVE FILER,1708 - 59TH ST,SACRAMENTO,38.555798,-121.43781
SOLAR TURBINES INC,CAD008314908, RCRA,POST CLOSURE PERMIT,2200 PACIFIC HWY,SAN DIEGO,32.72653,-117.17286
SOLAR TURBINES INC,CAT000626549, RCRA,CLOSED,4200 RUFFIN RD,SAN DIEGO,32.817283,-117.12865
SOLUTIA INC,CAD043555366, RCRA,CLOSED,2100 E 223RD ST,CARSON,33.824004,-118.23781
SOLVAY USA INC,CAD055766422,,PROTECTIVE FILER,20851 S SANTA FE AVE,LONG BEACH,33.843848,-118.21502
SOURCEONE HEATHCARE TECHNOLOGIES,CAD982041980, STANDARDIZED,CLOSED,223 BROADWAY ST,FRESNO,36.725506,-119.78325
SOUTH BAY CHEMICAL CO INC,CAD000628149, RCRA,CLOSED,731 RENZ LN,GILROY,37.005716,-121.55661
SOUTHERN CALIFORNIA EDISON ALHAMBRA COMBINED FACILITY,CAD045530821, RCRA,CLOSED,501 S MARENGO AVE,ALHAMBRA,34.084403,-118.14307
SOUTHERN CALIFORNIA EDISON CO - EL SEGUNDO,CAD000630962, RCRA,CLOSED,301 VISTA DEL MAR,EL SEGUNDO,33.906165,-118.42205
SOUTHERN CALIFORNIA EDISON SAN ONOFRE PLANT,CAD000630921, RCRA,OPERATING PERMIT,5000 OLD PACIFIC HWY,SAN CLEMENTE,33.368832,-117.55441
SOUTHERN CALIFORNIA GAS CO,CAD981422017, RCRA,OPERATING PERMIT,2424 E OLYMPIC BLVD,LOS ANGELES,34.023334,-118.228
SOUTHERN CALIFORNIA GAS CO,CAT000625137, RCRA,OPERATING PERMIT,8101 S ROSEMEAD BLVD,PICO RIVERA,33.968983,-118.10743
SOUTHERN CALIFORNIA WASTE REDUCTION,CAD000775700, RCRA,PROTECTIVE FILER,9147 DEGARMO STREET,SUN VALLEY,34.236114,-118.37591
SPACE SYSTEMS/LORAL LLC BUILDING 4,CAD000030528, RCRA,CLOSED,3825 FABIAN WAY,PALO ALTO,37.427625,-122.10376
SPECIAL DEVICES INC,CAD981387590, RCRA,CLOSED,16830 W PLACERITA CYN RD,NEWHALL,34.376095,-118.43472
SPECIAL DEVICES INC.,CAX000149492, RCRA,CLOSED,16830 W.PLACERITA CYN.RD.,NEWHALL,34.377576,-118.43591
SPECTRA-PHYSICS INC,CAD009138488, RCRA,CLOSED,1250 W MIDDLEFIELD RD,MOUNTAIN VIEW,37.407949,-122.08027
SPHINX MANUFACTURING CO,CAD000819813,,PROTECTIVE FILER,2401 E 103RD ST,LOS ANGELES,33.943223,-118.22936
SPIN PHYSICS INC,CAD990738981, RCRA,CLOSED,11633 SORRENTO VALLEY RD,SAN DIEGO,32.913399,-117.2318
SPRAYTRONICS INC,CAD981967706, RCRA,CLOSED,3060 RAYMOND ST,SANTA CLARA,37.377337,-121.95302
SQUARE D COMPANY,CAD050746775, RCRA,POST CLOSURE PERMIT,1060 E 3RD ST,BEAUMONT,33.925539,-116.96809
SR TECHNICS AMERICA INC,CAD982479206, RCRA,CLOSED,2825 E AVENUE P,PALMDALE,34.610383,-118.07676
SRI INTL CORRAL HOLLOW SITE,CAD980883847, RCRA,CLOSED,CORRAL HOLLOW ROAD,TRACY,37.613818,-121.53938
STANDARD BRANDS PAINT COMPANY,CAD006914469,,PROTECTIVE FILER,4300 W 190TH ST,TORRANCE,33.857835,-118.34826
STANDARD DRY WALL PRODUCTS,CAD066572363,,PROTECTIVE FILER,38403 CHERRY ST,NEWARK,37.523596,-122.01757
STANFORD UNIVERSITY,CAD009214214,,CLOSED,OAK ROAD & STOCKFORM ROADS,STANFORD,37.431091,-122.17833
STANFORD UNIVERSITY,CAD982049439, STANDARDIZED,CLOSED,480 OAK ROAD,STANFORD,37.429269,-122.18534
STARLINK LOGISTICS INC,CAT000611350,,CLOSED,1990 BAY RD,EAST PALO ALTO,37.473242,-122.12991
STATE OF CALIF DEPT OF CORRECTIONS,CAX000080424, RCRA,CLOSED,CALIF INSTITUTE FOR WOMEN,FRONTERA,33.949981,-117.63645
STATE OF CALIFORNIA,CAX000071654, RCRA,CLOSED,DEPT OF CORRECTIONS REHAB CTR,NORCO,33.931467,-117.54804
STATE OF CALIFORNIA,CAX000031278, RCRA,CLOSED,DEPT OF CORRECTIONS,REPRESA,38.693348,-121.15237
STATEWIDE ENVIRONMENTAL SERVICES,CAD000088252, RCRA,UNDERGOING CLOSURE,12618 S MAIN ST,LOS ANGELES,33.918227,-118.2735
STAUFFER MANAGEMENT COMPANY LLC,CAD076941103, RCRA,UNDERGOING CLOSURE,2112 E 223RD ST,CARSON,33.823321,-118.23457
STOCKTON STATE HOSPITAL,CAD981373764, RCRA,CLOSED,510 E MAGNOLIA ST,STOCKTON,37.964122,-121.28658
SUEZ WTS USA INC,CAT080012974, RCRA,CLOSED,3050 PEGASUS DR,BAKERSFIELD,35.433701,-119.06429
SUR LITE CORP,CAD981687114, RCRA,CLOSED,8124 ALLPORT AVE,SANTA FE SPRING,33.968357,-118.06436
SUTTER CO AGRICULTURAL COMMISSIONER,CAD000625947, RCRA,CLOSED,142 GARDEN HIGHWAY,YUBA CITY,39.129012,-121.60656
SUTTER MEMORIAL HOSPITAL,CAD981446941, RCRA,CLOSED,52ND & F STS,SACRAMENTO,38.570993,-121.43945
SYSTECH ENVIRONMENTAL CORP,CAT080031628, RCRA,CLOSED,5 MI NO OF HWY 138,LEBEC,34.761044,-118.8134
T R E METAL PROCESSING FACILITY,CAD000775726,,PROTECTIVE FILER,1900 DEERE RD,SANTA ANA,33.705568,-117.84943
T R E/COMPOSITE STRUCTURES DIV,CAD990670234,,PROTECTIVE FILER,801 ROYAL OAK DR,MONROVIA,34.143928,-117.98786
TABC INC,CAD000819839,,PROTECTIVE FILER,6375 N PARAMOUNT BLVD,LONG BEACH,33.871165,-118.16214
TALLEY BROTHERS INC SITE,CAD009522988,,UNDERGOING CLOSURE,2007 LAURA AVE,HUNTINGTON PARK,33.988445,-118.23568
TDY INDUSTRIES LLC,CAD008382475,,CLOSED,2701 N HARBOR DR,SAN DIEGO,32.729026,-117.18433
TE CONNECTIVITY,CAD009125527," RCRA, VARIANCE",CLOSED,300 CONSTITUTION DR,MENLO PARK,37.48056,-122.16691
TECSTAR INC APPLIED SOLAR DIVISION,CAD097456099,,PROTECTIVE FILER,15251 E DON JULIAN RD,CITY OF INDUSTRY,34.020934,-117.96818
TEKTRONIX INC,CAD071557029, RCRA,CLOSED,13024 BITNEY SPRINGS RD,GRASS VALLEY,39.26475,-121.19693
TELEDYNE BATTERY PRODUCTS,CAD008386641, RCRA,CLOSED,840 W BROCKTON AVE,REDLANDS,34.067353,-117.19396
"TELEDYNE DEFENSE ELECTRONICS, LLC, D/B/A TELEDYNE RELAYS",CAD990833006,,PROTECTIVE FILER,12525 DAPHNE AVE,HAWTHORNE,33.918104,-118.31964
TELEDYNE RYAN ELECTRONICS,CAD990833014,,UNDERGOING CLOSURE,8650 BALBOA AVE,SAN DIEGO,32.821608,-117.14093
TENNESSE CHEMICAL CO,CAD046415162, RCRA,CLOSED,553 CLARK AVE.,PITTSBURG,38.013235,-121.88237
TESLA INC.,CAD000051433, RCRA,CLOSED,45500 FREMONT BLVD,FREMONT,37.492653,-121.9447
TESORO CARSON REFINERY,CAD077227049, RCRA,POST CLOSURE PERMIT,1801 E SEPULVEDA BLVD,CARSON,33.808702,-118.23697
TESORO MARTINEZ REFINERY,CAD000072751, RCRA,POST CLOSURE PERMIT,150 SOLANO WAY,MARTINEZ,38.027338,-122.06887
TESORO REFINING & MARKETING COMPANY - LONG BEACH MARINE TERMINAL,CAT000646323, RCRA,PROTECTIVE FILER,820 CARRACK AVE,LONG BEACH,33.774626,-118.2199
TESORO REFINING & MARKETING COMPANY-LOS ANGELES REFINERY,CAD041520644, RCRA,POST CLOSURE PERMIT,2101 E PACIFIC COAST HWY,WILMINGTON,33.792949,-118.23492
TESORO REFINING & MARKETING COMPANY-SULFUR RECOVERY PLANT,CAT000646331, RCRA,CLOSED,23208 S ALAMEDA ST,CARSON,33.813988,-118.23116
TEXACO REFINERY & MKTG/BAKERSFIELD REF,CAD000072769, RCRA,CLOSED,6500 REFINERY AVE,BAKERSFIELD,35.372571,-119.0726
TEXAS INSTRUMENTS INC,CAD041472986, LOWER TIER,CLOSED,2900 SEMICONDUCTOR DR,SANTA CLARA,37.376298,-122.00026
TFX AVIATION INC,CAD008383127, RCRA,POST CLOSURE PERMIT,3085 OLD CONEJO RD,NEWBURY PARK,34.18998,-118.94067
THE BOEING CO,CAR000160770, RCRA,UNDERGOING CLOSURE,3110 W LOMITA BLVD,TORRANCE,33.811474,-118.34101
THE BOEING CO,CAD041666819, RCRA,CLOSED,3100 W LOMITA BLVD,TORRANCE,33.810137,-118.3415
THE BOEING CO-CANOGA PARK,CAD093365435, RCRA,POST CLOSURE PERMIT,WOOLSEY CANYON RD,SIMI VALLEY,34.228486,-118.70752
THE BOEING COMPANY,CAD066658808,,PROTECTIVE FILER,200 E STANLEY ST,COMPTON,33.872219,-118.21941
THE BOEING COMPANY,CAD060897063, RCRA,CLOSED,1920 E IMPERIAL HWY,EL SEGUNDO,33.93048,-118.39466
THE BOEING COMPANY - AFP42,CA1570090075, RCRA,CLOSED,1500 E AVENUE M M/C 841-PL01,PALMDALE,35.183079,-117.89377
THE CHEMOURS COMPANY FC LLC,CAD009151671, RCRA,POST CLOSURE PERMIT,6000 BRIDGEHEAD RD,OAKLEY,38.012905,-121.74955
THE DIRECT TV GROUP,CAD009305848, RCRA,CLOSED,6767 HOLLISTER AVE,GOLETA,34.427707,-119.86339
THE DOW CHEMICAL CO,CAD076528678, RCRA,OPERATING PERMIT,901 LOVERIDGE RD,PITTSBURG,38.0223,-121.85351
THE DOW CHEMICAL COMPANY,CAD009547050, RCRA,CLOSED,305 CRENSHAW BLVD,TORRANCE,33.845432,-118.33193
THE SHERWIN WILLIAMS COMPANY,CAD043720861,,PROTECTIVE FILER,805 SINCLAIR FRONTAGE RD,MILPITAS,37.422928,-121.88386
THE SHERWIN WILLIAMS COMPANY,CAD042137950,,PROTECTIVE FILER,3818 EAST CORONADO ST,ANAHEIM,33.858652,-117.8361
TIERRA SOLUTIONS(DUOLITE INTERNATIONAL SITE),CAD990792335, RCRA,UNDERGOING CLOSURE,800 CHESTNUT ST,REDWOOD CITY,37.484948,-122.21774
TKI RESEARCH FARM,CAT000611467,,CLOSED,10181 AVENUE 416,DINUBA,36.543318,-119.34542
TMC PROPERTIES LLC,CAD044398956, RCRA,CLOSED,25655 SPRINGBROOK AVE,LOS ANGELES,34.405199,-118.53818
TORRANCE REFINING COMPANY LLC,CAD008354052, RCRA INTERIM STATUS PERMIT,PROTECTIVE FILER,3700 W 190TH ST,TORRANCE,33.857259,-118.33718
TP INDUSTRIAL INC,CAD097465132, RCRA,POST CLOSURE PERMIT,525 E ALONDRA BLVD,GARDENA,33.886361,-118.26637
TPS TECHNOLOGIES INC,CAL930834777, STANDARDIZED,CLOSED,12328 HIBISCUS RD,ADELANTO,34.566911,-117.39582
TRANSFER STATION INC,CAD982417560, RCRA,CLOSED,2565 GOODRICK AVE,RICHMOND,37.969795,-122.36555
TRANSTECHNOLOGY CORP/SPACE ORD SYS DIV,CAD067776484,,CLOSED,25977 SAND CANYON RD,CANYON COUNTRY,34.372767,-118.41621
TRAVIS AIR FORCE BASE,CA5570024575, RCRA,OPERATING PERMIT,60 CES/CEA,TRAVIS AFB,38.26474,-121.9446
TRENT TUBE DIV FULLERTON OPERATION,CAD008325110, RCRA,CLOSED,2100 E ORANGETHORPE AVENUE,FULLERTON,33.858882,-117.89396
TRICOR REFINING LLC,CAD002904886,,PROTECTIVE FILER,1134 MANOR ST,OILDALE,35.418239,-119.01141
TRIUMPH AEROSPACE STRUCTURES TORRANCE,CAD000627224, RCRA,CLOSED,640 ALASKA ST,TORRANCE,33.840497,-118.33158
TSM RECOVERY AND RECYCLING CO INC,CAD108040858, RCRA,CLOSED,317 EUBANK AVE STE 2,WILMINGTON,33.773683,-118.25445
TULARE COUNTY AGRICULTURAL COMMISSIONER,CAD000775734, RCRA,PROTECTIVE FILER,14173 AVE 256,VISALIA,36.255253,-119.25671
TURCO PRODUCTS INC,CAD096004742, RCRA,CLOSED,24600 SO. MAIN ST.,CARSON,33.802372,-118.27386
TYCO ELECTRONICS PRINTED CIRCUIT GROUP - LA DIVISION,CAD008292005,,PROTECTIVE FILER,339 ISIS AVE,INGLEWOOD,33.958764,-118.37579
U.O.P. INC - FLUID SYSTEMS DIVISION,CAD020201893,,PROTECTIVE FILER,2980 N HARBOR DRIVE,SAN DIEGO,32.728801,-117.18618
U.S. NAVAL AIR STATION LEMOORE,CA3170024381, RCRA,CLOSED,700 AVENGER AVE BLDG 750,LEMOORE,36.260598,-119.91087
ULTRA-CHEM/ALL-CHEM/SCOTT INTERPRISES,CAT080013535, RCRA,UNDERGOING CLOSURE,1310 OLD BAYSHORE BLVD,SAN JOSE,37.366015,-121.89762
UNION CHEMICALS DIVISION UNION OIL OF CA,CAD073596124, RCRA,CLOSED,2601 E IMPERIAL HWY,BREA,33.911254,-117.86393
UNION PACIFIC RAILROAD,CAD073772030, RCRA,CLOSED,501 JIBBOOM ST,SACRAMENTO,38.587581,-121.50279
UNION PACIFIC RAILROAD,CAD000628255,,CLOSED,9451 ATKINSON ST,ROSEVILLE,38.731017,-121.30966
UNITED TECHNOLOGIES CO,CAD074103771, RCRA,CLOSED,6633 CANOGA AVE,CANOGA PARK,34.190592,-118.59951
UNITED TECHNOLOGIES CORP PRATT AND WHITNEY ROCKETDYNE SAN JOSE,CAD001705235, RCRA,POST CLOSURE PERMIT,600 METCALF RD,SAN JOSE,37.232886,-121.67654
UNIVAR SOLUTIONS USA INC,CAD047384185,,PROTECTIVE FILER,1152 G ST,FRESNO,36.732976,-119.79536
UNIVAR SOLUTIONS USA INC,CAD020745246, RCRA,CLOSED,5353 JILLSON ST,COMMERCE,34.002756,-118.16172
UNIVAR USA INC,CAD010925576, RCRA,CLOSED,2256 JUNCTION AVE,SAN JOSE,37.387699,-121.91564
UNIVERSITY OF CALIFORNIA IRVINE,CAT000625293,,PROTECTIVE FILER,4600 HEALTH SCIENCES RD,IRVINE,33.639148,-117.85003
"UNIVERSITY OF CALIFORNIA, RIVERSIDE",CAD073134777, RCRA,CLOSED,900 UNIVERSITY AVE,RIVERSIDE,33.978881,-117.32814
UOP INC FLUID SYSTEMS DIV,CAT000625319,,PROTECTIVE FILER,8745  PRODUCTION AVENUEB,SAN DIEGO,32.883602,-117.16471
UPJOHN COMPANY CPR DIVISION,CAT080010093, RCRA,CLOSED,555 ALASKA AVENUE,TORRANCE,33.841435,-118.33186
US BORAX INC,CAD008323255,,PROTECTIVE FILER,HIGHWAY 58,BORON,35.034143,-117.70089
US DEPARTMENT OF ENERGY,CAD000629972, RCRA,UNDERGOING CLOSURE,SANTA SUSANA FIELD LABORATORY,CANOGA PARK,34.234359,-118.70919
US ECOLOGY VERNON INC,CAD097030993, RCRA,OPERATING PERMIT,5375 S BOYLE AVE,LOS ANGELES,33.994178,-118.21364
US INK A DIV OF SUN CHEM CORP,CAT000646364,,CLOSED,14465 GRIFFITH ST,SAN LEANDRO,37.695731,-122.17001
US INK A DIV OF SUN CHEM CORP,CAD083822346, RCRA,CLOSED,13710 BORATE ST,SANTA FE SPRINGS,33.899563,-118.03942
US MARINE CORPS CARETAKER SITE OFFICE,CA6170023208, RCRA,UNDERGOING CLOSURE,USMC AIR STATION EL TORO,SANTA ANA,33.67937,-117.71389
US NAVY BRAC PMO-W (LB),CA6170023109, RCRA,CLOSED,TERMINAL ISLAND COMPLEX,LONG BEACH,33.67937,-117.71389
US NAVY/FLEET & INDUST SUPL CTR OAKLAND,CA4170090027,,CLOSED,250 EXECUTIVE WAY,OAKLAND,37.710967,-122.39163
USMC AIR STATION TUSTIN,CA9170090022, RCRA,CLOSED,USMC AIR STATION (HELICOPTER),TUSTIN,33.708672,-117.82319
USMC BARSTOW LOGISTICS BASE NEBO,CA8170024261,,PROTECTIVE FILER,BARSTOW,BARSTOW,34.876095,-116.95365
USMC LOGISTICS BASE YERMO ANNEX,CA8170090023, RCRA,CLOSED,YERMO ANNEX,BARSTOW,34.888873,-116.87587
USS-POSCO INDUSTRIES,CAD009150194," RCRA, STATE ONLY",OPERATING PERMIT,900 LOVERIDGE RD,PITTSBURG,38.022525,-121.85723
UWS NAVY/FLEET & INDUST SUPL CTR-ALAMEDA,CA1170090012,,CLOSED,2155 MARINER SQUARE LOOP,ALAMEDA,37.787894,-122.27973
VALERO RFNNG CO-CA WILMINGTON ASPHLT PLT,CAD981373053, RCRA,CLOSED,1651 ALAMEDA ST,WILMINGTON,33.798025,-118.23885
VALLEY PLATING,CAD055556062, RCRA,UNDERGOING CLOSURE,3872 EL CAJON,CENTRAL VALLEY,40.677241,-122.37732
VAN PATTEN LYLE CO INC,CAD008391641, RCRA,CLOSED,321 W 135TH ST,LOS ANGELES,33.909435,-118.27921
VAPEX,CAD008385791,,PROTECTIVE FILER,8600 RHEEM AVE,SOUTH GATE,33.955394,-118.19275
VARIAN ASSOCIATES INC,CAT000617605, RCRA,CLOSED,3100 JAY ST,SANTA CLARA,37.378332,-121.96217
VARIAN MEDICAL SYSTEMS PALO ALTO,CAD009120817,,CLOSED,3120 HANSEN WAY,PALO ALTO,37.416026,-122.14322
VEOLIA ES TECHNICAL SOLUTIONS LLC AZUSA,CAD008302903, RCRA,OPERATING PERMIT,1704 W 1ST ST,AZUSA,34.120721,-117.93656
VEOLIA ES TECHNICAL SOLUTIONS LLC RICHMOND,CAT080014079, RCRA,OPERATING PERMIT,1125 HENSLEY ST,RICHMOND,37.949298,-122.36368
VINE HILL COMPLEX,CAD982521460, RCRA,POST CLOSURE ORDER PERMIT,896 WATERBIRD WAY,MARTINEZ,38.021109,-122.08184
W-H TANK LINES INC,CAD040370645, STANDARDIZED,CLOSED,2202 E SPRING ST,SIGNAL HILL,33.811318,-118.16447
WAYMIRE DRUM CO INC,CAT000618991, RCRA,PROTECTIVE FILER,7702 MAIE AVE,LOS ANGELES,33.96984,-118.24416
WEST COAST AUTOMOTIVE SERVICE CENTER,CAD009206855, RCRA,CLOSED,160 S LINDEN AVE,SOUTH SAN FRANCISCO,37.642515,-122.41448
WEST COAST CIRCUITS,CAD081448961, RCRA,CLOSED,1080 WEST BEACH STREET,WATSONVILLE,36.902499,-121.77196
WEST COAST FLYING SVC INC,CAD067652156, RCRA,CLOSED,13 400 FOURTEENTH AVE,BLYTHE,33.602686,-114.64051
WEST COUNTY LANDFILL INC,CAD041844002, RCRA,POST CLOSURE PERMIT,PARR BLVD & GARDEN TRACT RD,RICHMOND,37.968123,-122.3822
WESTERN ANALYTICAL LABORATORIES INC,CAD076081546,,PROTECTIVE FILER,13744 MONTE VISTA AVE,CHINO,34.003742,-117.69826
WESTERN CIRCUITS INC,CAD062092259, RCRA,UNDERGOING CLOSURE,4136 DEL REY AVE,VENICE,33.987901,-118.44411
WESTERN FUEL OIL CO,CAD076945559,,PROTECTIVE FILER,2100 N GAFFEY,SAN PEDRO,33.764018,-118.29343
"WHITTIER PLATING CO.,INC.",CAD008495129,,PROTECTIVE FILER,11642 E PIKE ST,SANTA FE SPRINGS,33.955476,-118.07448
WILLOWS GLENN COUNTY AIRPORT,CAT000625525, RCRA,CLOSED,HWY 162 & I-5,WILLOWS,39.524235,-122.2146
WIT SALES AND REFINING,CAD980888598, STANDARDIZED,OPERATING PERMIT,538 PHELAN AVE,SAN JOSE,37.317044,-121.85985
WORLD OIL - SAN JOAQUIN LLC,CAL000102751, STANDARDIZED,OPERATING PERMIT,14287 E MANNING AVE,PARLIER,36.602917,-119.53323
WORLD OIL RECYCLING,CAT080013352, RCRA,OPERATING PERMIT,2000 N ALAMEDA ST,COMPTON,33.910171,-118.22114
WORLD OIL TERMINALS - VERNON,CAT080033681, RCRA,OPERATING PERMIT,3650 E 26TH ST,VERNON,34.010387,-118.20411
WOTEN AVIATION SERVICES INC,CAD085595551, RCRA,CLOSED,25980 NEIGHBORS BLVD AIRPORT,RIPLEY,33.51591,-114.65614
X-RAY SOLUTIONS SERVICE INC,CAL920235089, STANDARDIZED,CLOSED,4700 EASTON DRIVE,BAKERSFIELD,35.368129,-119.05489
XEROX CORPORATION IRVINE CRC,CAD058231598, RCRA,CLOSED,18691 JAMBOREE BLVD,IRVINE,33.670261,-117.85161
YOLO COUNTY DEPARTMENT OF AGRICULTURE,CAD000775759,,PROTECTIVE FILER,70 COTTONWOOD STREET,WOODLAND,38.68302,-121.79368
YOUNTVILLE VETERANS HOME,CAD981676414, RCRA,CLOSED,260 CALIFORNIA DR,YOUNTVILLE,38.395177,-122.36979
YOUTH AUTHORITY - SOUTHERN RECEPTION CTR,CAX000211508, RCRA,UNDERGOING CLOSURE,13200 SO BLOOMFIELD AVE,NORWALK,33.911119,-118.06451
ZETA LABORATORIES INC,CAD049233570, RCRA,CLOSED,3265 SCOTT BLVD,SANTA CLARA,37.380397,-121.97376
